"source","report_date","age_group","case_count","incidence_cases"
"https://github.com/fbranda/measles/blob/main/Americas/Mexico/bulletins/Gobierno_de_Mexico/INFORMEDIARIOSARAMPION_1952025.pdf",2025-05-19,"0_4",693,"6.66"
"https://github.com/fbranda/measles/blob/main/Americas/Mexico/bulletins/Gobierno_de_Mexico/INFORMEDIARIOSARAMPION_1952025.pdf",2025-05-19,"5_9",276,"2.57"
"https://github.com/fbranda/measles/blob/main/Americas/Mexico/bulletins/Gobierno_de_Mexico/INFORMEDIARIOSARAMPION_1952025.pdf",2025-05-19,"10_14",213,"1.94"
"https://github.com/fbranda/measles/blob/main/Americas/Mexico/bulletins/Gobierno_de_Mexico/INFORMEDIARIOSARAMPION_1952025.pdf",2025-05-19,"15_19",262,"2.38"
"https://github.com/fbranda/measles/blob/main/Americas/Mexico/bulletins/Gobierno_de_Mexico/INFORMEDIARIOSARAMPION_1952025.pdf",2025-05-19,"20_24",345,"3.18"
"https://github.com/fbranda/measles/blob/main/Americas/Mexico/bulletins/Gobierno_de_Mexico/INFORMEDIARIOSARAMPION_1952025.pdf",2025-05-19,"25_29",463,"4.37"
"https://github.com/fbranda/measles/blob/main/Americas/Mexico/bulletins/Gobierno_de_Mexico/INFORMEDIARIOSARAMPION_1952025.pdf",2025-05-19,"30_34",392,"3.76"
"https://github.com/fbranda/measles/blob/main/Americas/Mexico/bulletins/Gobierno_de_Mexico/INFORMEDIARIOSARAMPION_1952025.pdf",2025-05-19,"35_39",277,"2.85"
"https://github.com/fbranda/measles/blob/main/Americas/Mexico/bulletins/Gobierno_de_Mexico/INFORMEDIARIOSARAMPION_1952025.pdf",2025-05-19,"40_44",161,"1.82"
"https://github.com/fbranda/measles/blob/main/Americas/Mexico/bulletins/Gobierno_de_Mexico/INFORMEDIARIOSARAMPION_1952025.pdf",2025-05-19,"45_49",90,"1.10"
"https://github.com/fbranda/measles/blob/main/Americas/Mexico/bulletins/Gobierno_de_Mexico/INFORMEDIARIOSARAMPION_1952025.pdf",2025-05-19,"50_54",64,"0.84"
"https://github.com/fbranda/measles/blob/main/Americas/Mexico/bulletins/Gobierno_de_Mexico/INFORMEDIARIOSARAMPION_1952025.pdf",2025-05-19,"55_59",17,"0.26"
"https://github.com/fbranda/measles/blob/main/Americas/Mexico/bulletins/Gobierno_de_Mexico/INFORMEDIARIOSARAMPION_1952025.pdf",2025-05-19,"60_64",5,"0.09"
"https://github.com/fbranda/measles/blob/main/Americas/Mexico/bulletins/Gobierno_de_Mexico/INFORMEDIARIOSARAMPION_1952025.pdf",2025-05-19,"65+",3,"0.03"
"https://github.com/fbranda/measles/blob/main/Americas/Mexico/bulletins/Gobierno_de_Mexico/INFORME_DIARIO_SARAMPION__2052025.pdf",2025-05-20,"0_4",342,"3.29"
"https://github.com/fbranda/measles/blob/main/Americas/Mexico/bulletins/Gobierno_de_Mexico/INFORME_DIARIO_SARAMPION__2052025.pdf",2025-05-20,"5_9",136,"1.26"
"https://github.com/fbranda/measles/blob/main/Americas/Mexico/bulletins/Gobierno_de_Mexico/INFORME_DIARIO_SARAMPION__2052025.pdf",2025-05-20,"10_14",98,"0.89"
"https://github.com/fbranda/measles/blob/main/Americas/Mexico/bulletins/Gobierno_de_Mexico/INFORME_DIARIO_SARAMPION__2052025.pdf",2025-05-20,"15_19",118,"1.07"
"https://github.com/fbranda/measles/blob/main/Americas/Mexico/bulletins/Gobierno_de_Mexico/INFORME_DIARIO_SARAMPION__2052025.pdf",2025-05-20,"20_24",176,"1.62"
"https://github.com/fbranda/measles/blob/main/Americas/Mexico/bulletins/Gobierno_de_Mexico/INFORME_DIARIO_SARAMPION__2052025.pdf",2025-05-20,"25_29",233,"2.20"
"https://github.com/fbranda/measles/blob/main/Americas/Mexico/bulletins/Gobierno_de_Mexico/INFORME_DIARIO_SARAMPION__2052025.pdf",2025-05-20,"30_34",218,"2.09"
"https://github.com/fbranda/measles/blob/main/Americas/Mexico/bulletins/Gobierno_de_Mexico/INFORME_DIARIO_SARAMPION__2052025.pdf",2025-05-20,"35_39",147,"1.51"
"https://github.com/fbranda/measles/blob/main/Americas/Mexico/bulletins/Gobierno_de_Mexico/INFORME_DIARIO_SARAMPION__2052025.pdf",2025-05-20,"40_44",85,"0.96"
"https://github.com/fbranda/measles/blob/main/Americas/Mexico/bulletins/Gobierno_de_Mexico/INFORME_DIARIO_SARAMPION__2052025.pdf",2025-05-20,"45_49",44,"0.54"
"https://github.com/fbranda/measles/blob/main/Americas/Mexico/bulletins/Gobierno_de_Mexico/INFORME_DIARIO_SARAMPION__2052025.pdf",2025-05-20,"50_54",34,"0.45"
"https://github.com/fbranda/measles/blob/main/Americas/Mexico/bulletins/Gobierno_de_Mexico/INFORME_DIARIO_SARAMPION__2052025.pdf",2025-05-20,"55_59",6,"0.09"
"https://github.com/fbranda/measles/blob/main/Americas/Mexico/bulletins/Gobierno_de_Mexico/INFORME_DIARIO_SARAMPION__2052025.pdf",2025-05-20,"60_64",3,"0.05"
"https://github.com/fbranda/measles/blob/main/Americas/Mexico/bulletins/Gobierno_de_Mexico/INFORME_DIARIO_SARAMPION__2052025.pdf",2025-05-20,"65+",2,"0.02"
"https://github.com/fbranda/measles/blob/main/Americas/Mexico/bulletins/Gobierno_de_Mexico/INFORME_DIARIO_SARAMPION__20250521.pdf",2025-05-21,"0_4",355,"3.41"
"https://github.com/fbranda/measles/blob/main/Americas/Mexico/bulletins/Gobierno_de_Mexico/INFORME_DIARIO_SARAMPION__20250521.pdf",2025-05-21,"5_9",139,"1.29"
"https://github.com/fbranda/measles/blob/main/Americas/Mexico/bulletins/Gobierno_de_Mexico/INFORME_DIARIO_SARAMPION__20250521.pdf",2025-05-21,"10_14",101,"0.92"
"https://github.com/fbranda/measles/blob/main/Americas/Mexico/bulletins/Gobierno_de_Mexico/INFORME_DIARIO_SARAMPION__20250521.pdf",2025-05-21,"15_19",120,"1.09"
"https://github.com/fbranda/measles/blob/main/Americas/Mexico/bulletins/Gobierno_de_Mexico/INFORME_DIARIO_SARAMPION__20250521.pdf",2025-05-21,"20_24",182,"1.68"
"https://github.com/fbranda/measles/blob/main/Americas/Mexico/bulletins/Gobierno_de_Mexico/INFORME_DIARIO_SARAMPION__20250521.pdf",2025-05-21,"25_29",237,"2.24"
"https://github.com/fbranda/measles/blob/main/Americas/Mexico/bulletins/Gobierno_de_Mexico/INFORME_DIARIO_SARAMPION__20250521.pdf",2025-05-21,"30_34",225,"2.16"
"https://github.com/fbranda/measles/blob/main/Americas/Mexico/bulletins/Gobierno_de_Mexico/INFORME_DIARIO_SARAMPION__20250521.pdf",2025-05-21,"35_39",152,"1.56"
"https://github.com/fbranda/measles/blob/main/Americas/Mexico/bulletins/Gobierno_de_Mexico/INFORME_DIARIO_SARAMPION__20250521.pdf",2025-05-21,"40_44",87,"0.98"
"https://github.com/fbranda/measles/blob/main/Americas/Mexico/bulletins/Gobierno_de_Mexico/INFORME_DIARIO_SARAMPION__20250521.pdf",2025-05-21,"45_49",46,"0.56"
"https://github.com/fbranda/measles/blob/main/Americas/Mexico/bulletins/Gobierno_de_Mexico/INFORME_DIARIO_SARAMPION__20250521.pdf",2025-05-21,"50_54",36,"0.47"
"https://github.com/fbranda/measles/blob/main/Americas/Mexico/bulletins/Gobierno_de_Mexico/INFORME_DIARIO_SARAMPION__20250521.pdf",2025-05-21,"55_59",6,"0.09"
"https://github.com/fbranda/measles/blob/main/Americas/Mexico/bulletins/Gobierno_de_Mexico/INFORME_DIARIO_SARAMPION__20250521.pdf",2025-05-21,"60_64",3,"0.05"
"https://github.com/fbranda/measles/blob/main/Americas/Mexico/bulletins/Gobierno_de_Mexico/INFORME_DIARIO_SARAMPION__20250521.pdf",2025-05-21,"65+",2,"0.02"
"https://github.com/fbranda/measles/blob/main/Americas/Mexico/bulletins/Gobierno_de_Mexico/INFORMEDIARIOSARAMPION_2252025.pdf",2025-05-22,"0_4",365,"3.51"
"https://github.com/fbranda/measles/blob/main/Americas/Mexico/bulletins/Gobierno_de_Mexico/INFORMEDIARIOSARAMPION_2252025.pdf",2025-05-22,"5_9",143,"1.33"
"https://github.com/fbranda/measles/blob/main/Americas/Mexico/bulletins/Gobierno_de_Mexico/INFORMEDIARIOSARAMPION_2252025.pdf",2025-05-22,"10_14",105,"0.96"
"https://github.com/fbranda/measles/blob/main/Americas/Mexico/bulletins/Gobierno_de_Mexico/INFORMEDIARIOSARAMPION_2252025.pdf",2025-05-22,"15_19",122,"1.11"
"https://github.com/fbranda/measles/blob/main/Americas/Mexico/bulletins/Gobierno_de_Mexico/INFORMEDIARIOSARAMPION_2252025.pdf",2025-05-22,"20_24",186,"1.71"
"https://github.com/fbranda/measles/blob/main/Americas/Mexico/bulletins/Gobierno_de_Mexico/INFORMEDIARIOSARAMPION_2252025.pdf",2025-05-22,"25_29",243,"2.29"
"https://github.com/fbranda/measles/blob/main/Americas/Mexico/bulletins/Gobierno_de_Mexico/INFORMEDIARIOSARAMPION_2252025.pdf",2025-05-22,"30_34",235,"2.25"
"https://github.com/fbranda/measles/blob/main/Americas/Mexico/bulletins/Gobierno_de_Mexico/INFORMEDIARIOSARAMPION_2252025.pdf",2025-05-22,"35_39",159,"1.63"
"https://github.com/fbranda/measles/blob/main/Americas/Mexico/bulletins/Gobierno_de_Mexico/INFORMEDIARIOSARAMPION_2252025.pdf",2025-05-22,"40_44",87,"0.98"
"https://github.com/fbranda/measles/blob/main/Americas/Mexico/bulletins/Gobierno_de_Mexico/INFORMEDIARIOSARAMPION_2252025.pdf",2025-05-22,"45_49",47,"0.58"
"https://github.com/fbranda/measles/blob/main/Americas/Mexico/bulletins/Gobierno_de_Mexico/INFORMEDIARIOSARAMPION_2252025.pdf",2025-05-22,"50_54",36,"0.47"
"https://github.com/fbranda/measles/blob/main/Americas/Mexico/bulletins/Gobierno_de_Mexico/INFORMEDIARIOSARAMPION_2252025.pdf",2025-05-22,"55_59",7,"0.11"
"https://github.com/fbranda/measles/blob/main/Americas/Mexico/bulletins/Gobierno_de_Mexico/INFORMEDIARIOSARAMPION_2252025.pdf",2025-05-22,"60_64",3,"0.05"
"https://github.com/fbranda/measles/blob/main/Americas/Mexico/bulletins/Gobierno_de_Mexico/INFORMEDIARIOSARAMPION_2252025.pdf",2025-05-22,"65+",3,"0.03"
"https://github.com/fbranda/measles/blob/main/Americas/Mexico/bulletins/Gobierno_de_Mexico/INFORME_DIARIO_SARAMPION__23052025.pdf",2025-05-23,"0_4",308,"2.96"
"https://github.com/fbranda/measles/blob/main/Americas/Mexico/bulletins/Gobierno_de_Mexico/INFORME_DIARIO_SARAMPION__23052025.pdf",2025-05-23,"5_9",145,"1.35"
"https://github.com/fbranda/measles/blob/main/Americas/Mexico/bulletins/Gobierno_de_Mexico/INFORME_DIARIO_SARAMPION__23052025.pdf",2025-05-23,"10_14",107,"0.97"
"https://github.com/fbranda/measles/blob/main/Americas/Mexico/bulletins/Gobierno_de_Mexico/INFORME_DIARIO_SARAMPION__23052025.pdf",2025-05-23,"15_19",124,"1.13"
"https://github.com/fbranda/measles/blob/main/Americas/Mexico/bulletins/Gobierno_de_Mexico/INFORME_DIARIO_SARAMPION__23052025.pdf",2025-05-23,"20_24",188,"1.73"
"https://github.com/fbranda/measles/blob/main/Americas/Mexico/bulletins/Gobierno_de_Mexico/INFORME_DIARIO_SARAMPION__23052025.pdf",2025-05-23,"25_29",253,"2.39"
"https://github.com/fbranda/measles/blob/main/Americas/Mexico/bulletins/Gobierno_de_Mexico/INFORME_DIARIO_SARAMPION__23052025.pdf",2025-05-23,"30_34",242,"2.32"
"https://github.com/fbranda/measles/blob/main/Americas/Mexico/bulletins/Gobierno_de_Mexico/INFORME_DIARIO_SARAMPION__23052025.pdf",2025-05-23,"35_39",164,"1.68"
"https://github.com/fbranda/measles/blob/main/Americas/Mexico/bulletins/Gobierno_de_Mexico/INFORME_DIARIO_SARAMPION__23052025.pdf",2025-05-23,"40_44",90,"1.02"
"https://github.com/fbranda/measles/blob/main/Americas/Mexico/bulletins/Gobierno_de_Mexico/INFORME_DIARIO_SARAMPION__23052025.pdf",2025-05-23,"45_49",54,"0.66"
"https://github.com/fbranda/measles/blob/main/Americas/Mexico/bulletins/Gobierno_de_Mexico/INFORME_DIARIO_SARAMPION__23052025.pdf",2025-05-23,"50_54",37,"0.48"
"https://github.com/fbranda/measles/blob/main/Americas/Mexico/bulletins/Gobierno_de_Mexico/INFORME_DIARIO_SARAMPION__23052025.pdf",2025-05-23,"55_59",7,"0.11"
"https://github.com/fbranda/measles/blob/main/Americas/Mexico/bulletins/Gobierno_de_Mexico/INFORME_DIARIO_SARAMPION__23052025.pdf",2025-05-23,"60_64",5,"0.09"
"https://github.com/fbranda/measles/blob/main/Americas/Mexico/bulletins/Gobierno_de_Mexico/INFORME_DIARIO_SARAMPION__23052025.pdf",2025-05-23,"65+",3,"0.03"
"https://github.com/fbranda/measles/blob/main/Americas/Mexico/bulletins/Gobierno_de_Mexico/INFORME_DIARIO_SARAMPION__26052025.pdf",2025-05-26,"0_4",321,"3.09"
"https://github.com/fbranda/measles/blob/main/Americas/Mexico/bulletins/Gobierno_de_Mexico/INFORME_DIARIO_SARAMPION__26052025.pdf",2025-05-26,"5_9",148,"1.38"
"https://github.com/fbranda/measles/blob/main/Americas/Mexico/bulletins/Gobierno_de_Mexico/INFORME_DIARIO_SARAMPION__26052025.pdf",2025-05-26,"10_14",115,"1.05"
"https://github.com/fbranda/measles/blob/main/Americas/Mexico/bulletins/Gobierno_de_Mexico/INFORME_DIARIO_SARAMPION__26052025.pdf",2025-05-26,"15_19",129,"1.17"
"https://github.com/fbranda/measles/blob/main/Americas/Mexico/bulletins/Gobierno_de_Mexico/INFORME_DIARIO_SARAMPION__26052025.pdf",2025-05-26,"20_24",192,"1.77"
"https://github.com/fbranda/measles/blob/main/Americas/Mexico/bulletins/Gobierno_de_Mexico/INFORME_DIARIO_SARAMPION__26052025.pdf",2025-05-26,"25_29",263,"2.48"
"https://github.com/fbranda/measles/blob/main/Americas/Mexico/bulletins/Gobierno_de_Mexico/INFORME_DIARIO_SARAMPION__26052025.pdf",2025-05-26,"30_34",251,"2.40"
"https://github.com/fbranda/measles/blob/main/Americas/Mexico/bulletins/Gobierno_de_Mexico/INFORME_DIARIO_SARAMPION__26052025.pdf",2025-05-26,"35_39",170,"1.75"
"https://github.com/fbranda/measles/blob/main/Americas/Mexico/bulletins/Gobierno_de_Mexico/INFORME_DIARIO_SARAMPION__26052025.pdf",2025-05-26,"40_44",93,"1.05"
"https://github.com/fbranda/measles/blob/main/Americas/Mexico/bulletins/Gobierno_de_Mexico/INFORME_DIARIO_SARAMPION__26052025.pdf",2025-05-26,"45_49",54,"0.66"
"https://github.com/fbranda/measles/blob/main/Americas/Mexico/bulletins/Gobierno_de_Mexico/INFORME_DIARIO_SARAMPION__26052025.pdf",2025-05-26,"50_54",38,"0.50"
"https://github.com/fbranda/measles/blob/main/Americas/Mexico/bulletins/Gobierno_de_Mexico/INFORME_DIARIO_SARAMPION__26052025.pdf",2025-05-26,"55_59",7,"0.11"
"https://github.com/fbranda/measles/blob/main/Americas/Mexico/bulletins/Gobierno_de_Mexico/INFORME_DIARIO_SARAMPION__26052025.pdf",2025-05-26,"60_64",5,"0.09"
"https://github.com/fbranda/measles/blob/main/Americas/Mexico/bulletins/Gobierno_de_Mexico/INFORME_DIARIO_SARAMPION__26052025.pdf",2025-05-26,"65+",3,"0.03"
"https://github.com/fbranda/measles/blob/main/Americas/Mexico/bulletins/Gobierno_de_Mexico/INFORME_DIARIO_SARAMPION__20250527.pdf",2025-05-27,"0_4",325,"3.12"
"https://github.com/fbranda/measles/blob/main/Americas/Mexico/bulletins/Gobierno_de_Mexico/INFORME_DIARIO_SARAMPION__20250527.pdf",2025-05-27,"5_9",149,"1.39"
"https://github.com/fbranda/measles/blob/main/Americas/Mexico/bulletins/Gobierno_de_Mexico/INFORME_DIARIO_SARAMPION__20250527.pdf",2025-05-27,"10_14",115,"1.05"
"https://github.com/fbranda/measles/blob/main/Americas/Mexico/bulletins/Gobierno_de_Mexico/INFORME_DIARIO_SARAMPION__20250527.pdf",2025-05-27,"15_19",129,"1.17"
"https://github.com/fbranda/measles/blob/main/Americas/Mexico/bulletins/Gobierno_de_Mexico/INFORME_DIARIO_SARAMPION__20250527.pdf",2025-05-27,"20_24",195,"1.80"
"https://github.com/fbranda/measles/blob/main/Americas/Mexico/bulletins/Gobierno_de_Mexico/INFORME_DIARIO_SARAMPION__20250527.pdf",2025-05-27,"25_29",265,"2.50"
"https://github.com/fbranda/measles/blob/main/Americas/Mexico/bulletins/Gobierno_de_Mexico/INFORME_DIARIO_SARAMPION__20250527.pdf",2025-05-27,"30_34",254,"2.43"
"https://github.com/fbranda/measles/blob/main/Americas/Mexico/bulletins/Gobierno_de_Mexico/INFORME_DIARIO_SARAMPION__20250527.pdf",2025-05-27,"35_39",171,"1.76"
"https://github.com/fbranda/measles/blob/main/Americas/Mexico/bulletins/Gobierno_de_Mexico/INFORME_DIARIO_SARAMPION__20250527.pdf",2025-05-27,"40_44",94,"1.06"
"https://github.com/fbranda/measles/blob/main/Americas/Mexico/bulletins/Gobierno_de_Mexico/INFORME_DIARIO_SARAMPION__20250527.pdf",2025-05-27,"45_49",55,"0.67"
"https://github.com/fbranda/measles/blob/main/Americas/Mexico/bulletins/Gobierno_de_Mexico/INFORME_DIARIO_SARAMPION__20250527.pdf",2025-05-27,"50_54",38,"0.50"
"https://github.com/fbranda/measles/blob/main/Americas/Mexico/bulletins/Gobierno_de_Mexico/INFORME_DIARIO_SARAMPION__20250527.pdf",2025-05-27,"55_59",8,"0.12"
"https://github.com/fbranda/measles/blob/main/Americas/Mexico/bulletins/Gobierno_de_Mexico/INFORME_DIARIO_SARAMPION__20250527.pdf",2025-05-27,"60_64",5,"0.09"
"https://github.com/fbranda/measles/blob/main/Americas/Mexico/bulletins/Gobierno_de_Mexico/INFORME_DIARIO_SARAMPION__20250527.pdf",2025-05-27,"65+",3,"0.03"
"https://github.com/fbranda/measles/blob/main/Americas/Mexico/bulletins/Gobierno_de_Mexico/INFORME_DIARIO_SARAMPION__28052025__1_.pdf",2025-05-28,"0_4",332,"3.19"
"https://github.com/fbranda/measles/blob/main/Americas/Mexico/bulletins/Gobierno_de_Mexico/INFORME_DIARIO_SARAMPION__28052025__1_.pdf",2025-05-28,"5_9",155,"1.44"
"https://github.com/fbranda/measles/blob/main/Americas/Mexico/bulletins/Gobierno_de_Mexico/INFORME_DIARIO_SARAMPION__28052025__1_.pdf",2025-05-28,"10_14",116,"1.06"
"https://github.com/fbranda/measles/blob/main/Americas/Mexico/bulletins/Gobierno_de_Mexico/INFORME_DIARIO_SARAMPION__28052025__1_.pdf",2025-05-28,"15_19",130,"1.18"
"https://github.com/fbranda/measles/blob/main/Americas/Mexico/bulletins/Gobierno_de_Mexico/INFORME_DIARIO_SARAMPION__28052025__1_.pdf",2025-05-28,"20_24",197,"1.81"
"https://github.com/fbranda/measles/blob/main/Americas/Mexico/bulletins/Gobierno_de_Mexico/INFORME_DIARIO_SARAMPION__28052025__1_.pdf",2025-05-28,"25_29",268,"2.53"
"https://github.com/fbranda/measles/blob/main/Americas/Mexico/bulletins/Gobierno_de_Mexico/INFORME_DIARIO_SARAMPION__28052025__1_.pdf",2025-05-28,"30_34",256,"2.45"
"https://github.com/fbranda/measles/blob/main/Americas/Mexico/bulletins/Gobierno_de_Mexico/INFORME_DIARIO_SARAMPION__28052025__1_.pdf",2025-05-28,"35_39",173,"1.78"
"https://github.com/fbranda/measles/blob/main/Americas/Mexico/bulletins/Gobierno_de_Mexico/INFORME_DIARIO_SARAMPION__28052025__1_.pdf",2025-05-28,"40_44",94,"1.06"
"https://github.com/fbranda/measles/blob/main/Americas/Mexico/bulletins/Gobierno_de_Mexico/INFORME_DIARIO_SARAMPION__28052025__1_.pdf",2025-05-28,"45_49",55,"0.67"
"https://github.com/fbranda/measles/blob/main/Americas/Mexico/bulletins/Gobierno_de_Mexico/INFORME_DIARIO_SARAMPION__28052025__1_.pdf",2025-05-28,"50_54",38,"0.50"
"https://github.com/fbranda/measles/blob/main/Americas/Mexico/bulletins/Gobierno_de_Mexico/INFORME_DIARIO_SARAMPION__28052025__1_.pdf",2025-05-28,"55_59",8,"0.12"
"https://github.com/fbranda/measles/blob/main/Americas/Mexico/bulletins/Gobierno_de_Mexico/INFORME_DIARIO_SARAMPION__28052025__1_.pdf",2025-05-28,"60_64",5,"0.09"
"https://github.com/fbranda/measles/blob/main/Americas/Mexico/bulletins/Gobierno_de_Mexico/INFORME_DIARIO_SARAMPION__28052025__1_.pdf",2025-05-28,"65+",3,"0.03"
"https://github.com/fbranda/measles/blob/main/Americas/Mexico/bulletins/Gobierno_de_Mexico/INFORME_DIARIO_SARAMPION__29052025.pdf",2025-05-29,"0_4",340,"3.27"
"https://github.com/fbranda/measles/blob/main/Americas/Mexico/bulletins/Gobierno_de_Mexico/INFORME_DIARIO_SARAMPION__29052025.pdf",2025-05-29,"5_9",161,"1.50"
"https://github.com/fbranda/measles/blob/main/Americas/Mexico/bulletins/Gobierno_de_Mexico/INFORME_DIARIO_SARAMPION__29052025.pdf",2025-05-29,"10_14",117,"1.07"
"https://github.com/fbranda/measles/blob/main/Americas/Mexico/bulletins/Gobierno_de_Mexico/INFORME_DIARIO_SARAMPION__29052025.pdf",2025-05-29,"15_19",135,"1.23"
"https://github.com/fbranda/measles/blob/main/Americas/Mexico/bulletins/Gobierno_de_Mexico/INFORME_DIARIO_SARAMPION__29052025.pdf",2025-05-29,"20_24",199,"1.83"
"https://github.com/fbranda/measles/blob/main/Americas/Mexico/bulletins/Gobierno_de_Mexico/INFORME_DIARIO_SARAMPION__29052025.pdf",2025-05-29,"25_29",268,"2.53"
"https://github.com/fbranda/measles/blob/main/Americas/Mexico/bulletins/Gobierno_de_Mexico/INFORME_DIARIO_SARAMPION__29052025.pdf",2025-05-29,"30_34",256,"2.45"
"https://github.com/fbranda/measles/blob/main/Americas/Mexico/bulletins/Gobierno_de_Mexico/INFORME_DIARIO_SARAMPION__29052025.pdf",2025-05-29,"35_39",173,"1.78"
"https://github.com/fbranda/measles/blob/main/Americas/Mexico/bulletins/Gobierno_de_Mexico/INFORME_DIARIO_SARAMPION__29052025.pdf",2025-05-29,"40_44",95,"1.07"
"https://github.com/fbranda/measles/blob/main/Americas/Mexico/bulletins/Gobierno_de_Mexico/INFORME_DIARIO_SARAMPION__29052025.pdf",2025-05-29,"45_49",55,"0.67"
"https://github.com/fbranda/measles/blob/main/Americas/Mexico/bulletins/Gobierno_de_Mexico/INFORME_DIARIO_SARAMPION__29052025.pdf",2025-05-29,"50_54",41,"0.54"
"https://github.com/fbranda/measles/blob/main/Americas/Mexico/bulletins/Gobierno_de_Mexico/INFORME_DIARIO_SARAMPION__29052025.pdf",2025-05-29,"55_59",8,"0.12"
"https://github.com/fbranda/measles/blob/main/Americas/Mexico/bulletins/Gobierno_de_Mexico/INFORME_DIARIO_SARAMPION__29052025.pdf",2025-05-29,"60_64",5,"0.09"
"https://github.com/fbranda/measles/blob/main/Americas/Mexico/bulletins/Gobierno_de_Mexico/INFORME_DIARIO_SARAMPION__29052025.pdf",2025-05-29,"65+",3,"0.03"
"https://github.com/fbranda/measles/blob/main/Americas/Mexico/bulletins/Gobierno_de_Mexico/INFORME_DIARIO_SARAMPION__30052025.pdf",2025-05-30,"0_4",343,"3.30"
"https://github.com/fbranda/measles/blob/main/Americas/Mexico/bulletins/Gobierno_de_Mexico/INFORME_DIARIO_SARAMPION__30052025.pdf",2025-05-30,"5_9",162,"1.51"
"https://github.com/fbranda/measles/blob/main/Americas/Mexico/bulletins/Gobierno_de_Mexico/INFORME_DIARIO_SARAMPION__30052025.pdf",2025-05-30,"10_14",117,"1.07"
"https://github.com/fbranda/measles/blob/main/Americas/Mexico/bulletins/Gobierno_de_Mexico/INFORME_DIARIO_SARAMPION__30052025.pdf",2025-05-30,"15_19",138,"1.25"
"https://github.com/fbranda/measles/blob/main/Americas/Mexico/bulletins/Gobierno_de_Mexico/INFORME_DIARIO_SARAMPION__30052025.pdf",2025-05-30,"20_24",202,"1.86"
"https://github.com/fbranda/measles/blob/main/Americas/Mexico/bulletins/Gobierno_de_Mexico/INFORME_DIARIO_SARAMPION__30052025.pdf",2025-05-30,"25_29",272,"2.57"
"https://github.com/fbranda/measles/blob/main/Americas/Mexico/bulletins/Gobierno_de_Mexico/INFORME_DIARIO_SARAMPION__30052025.pdf",2025-05-30,"30_34",259,"2.48"
"https://github.com/fbranda/measles/blob/main/Americas/Mexico/bulletins/Gobierno_de_Mexico/INFORME_DIARIO_SARAMPION__30052025.pdf",2025-05-30,"35_39",175,"1.80"
"https://github.com/fbranda/measles/blob/main/Americas/Mexico/bulletins/Gobierno_de_Mexico/INFORME_DIARIO_SARAMPION__30052025.pdf",2025-05-30,"40_44",96,"1.09"
"https://github.com/fbranda/measles/blob/main/Americas/Mexico/bulletins/Gobierno_de_Mexico/INFORME_DIARIO_SARAMPION__30052025.pdf",2025-05-30,"45_49",56,"0.69"
"https://github.com/fbranda/measles/blob/main/Americas/Mexico/bulletins/Gobierno_de_Mexico/INFORME_DIARIO_SARAMPION__30052025.pdf",2025-05-30,"50_54",42,"0.55"
"https://github.com/fbranda/measles/blob/main/Americas/Mexico/bulletins/Gobierno_de_Mexico/INFORME_DIARIO_SARAMPION__30052025.pdf",2025-05-30,"55_59",8,"0.12"
"https://github.com/fbranda/measles/blob/main/Americas/Mexico/bulletins/Gobierno_de_Mexico/INFORME_DIARIO_SARAMPION__30052025.pdf",2025-05-30,"60_64",5,"0.09"
"https://github.com/fbranda/measles/blob/main/Americas/Mexico/bulletins/Gobierno_de_Mexico/INFORME_DIARIO_SARAMPION__30052025.pdf",2025-05-30,"65+",3,"0.03"
"https://github.com/fbranda/measles/blob/main/Americas/Mexico/bulletins/Gobierno_de_Mexico/INFORME_DIARIO_SARAMPION__02062025.pdf",2025-06-02,"0_4",349,"3.35"
"https://github.com/fbranda/measles/blob/main/Americas/Mexico/bulletins/Gobierno_de_Mexico/INFORME_DIARIO_SARAMPION__02062025.pdf",2025-06-02,"5_9",167,"1.55"
"https://github.com/fbranda/measles/blob/main/Americas/Mexico/bulletins/Gobierno_de_Mexico/INFORME_DIARIO_SARAMPION__02062025.pdf",2025-06-02,"10_14",121,"1.10"
"https://github.com/fbranda/measles/blob/main/Americas/Mexico/bulletins/Gobierno_de_Mexico/INFORME_DIARIO_SARAMPION__02062025.pdf",2025-06-02,"15_19",143,"1.30"
"https://github.com/fbranda/measles/blob/main/Americas/Mexico/bulletins/Gobierno_de_Mexico/INFORME_DIARIO_SARAMPION__02062025.pdf",2025-06-02,"20_24",207,"1.91"
"https://github.com/fbranda/measles/blob/main/Americas/Mexico/bulletins/Gobierno_de_Mexico/INFORME_DIARIO_SARAMPION__02062025.pdf",2025-06-02,"25_29",280,"2.64"
"https://github.com/fbranda/measles/blob/main/Americas/Mexico/bulletins/Gobierno_de_Mexico/INFORME_DIARIO_SARAMPION__02062025.pdf",2025-06-02,"30_34",265,"2.54"
"https://github.com/fbranda/measles/blob/main/Americas/Mexico/bulletins/Gobierno_de_Mexico/INFORME_DIARIO_SARAMPION__02062025.pdf",2025-06-02,"35_39",176,"1.81"
"https://github.com/fbranda/measles/blob/main/Americas/Mexico/bulletins/Gobierno_de_Mexico/INFORME_DIARIO_SARAMPION__02062025.pdf",2025-06-02,"40_44",98,"1.11"
"https://github.com/fbranda/measles/blob/main/Americas/Mexico/bulletins/Gobierno_de_Mexico/INFORME_DIARIO_SARAMPION__02062025.pdf",2025-06-02,"45_49",58,"0.71"
"https://github.com/fbranda/measles/blob/main/Americas/Mexico/bulletins/Gobierno_de_Mexico/INFORME_DIARIO_SARAMPION__02062025.pdf",2025-06-02,"50_54",44,"0.58"
"https://github.com/fbranda/measles/blob/main/Americas/Mexico/bulletins/Gobierno_de_Mexico/INFORME_DIARIO_SARAMPION__02062025.pdf",2025-06-02,"55_59",10,"0.15"
"https://github.com/fbranda/measles/blob/main/Americas/Mexico/bulletins/Gobierno_de_Mexico/INFORME_DIARIO_SARAMPION__02062025.pdf",2025-06-02,"60_64",5,"0.09"
"https://github.com/fbranda/measles/blob/main/Americas/Mexico/bulletins/Gobierno_de_Mexico/INFORME_DIARIO_SARAMPION__02062025.pdf",2025-06-02,"65+",3,"0.03"
"https://github.com/fbranda/measles/blob/main/Americas/Mexico/bulletins/Gobierno_de_Mexico/INFORME_DIARIO_SARAMPI_N__03062025.pdf",2025-06-03,"0_4",353,"3.39"
"https://github.com/fbranda/measles/blob/main/Americas/Mexico/bulletins/Gobierno_de_Mexico/INFORME_DIARIO_SARAMPI_N__03062025.pdf",2025-06-03,"5_9",168,"1.56"
"https://github.com/fbranda/measles/blob/main/Americas/Mexico/bulletins/Gobierno_de_Mexico/INFORME_DIARIO_SARAMPI_N__03062025.pdf",2025-06-03,"10_14",121,"1.10"
"https://github.com/fbranda/measles/blob/main/Americas/Mexico/bulletins/Gobierno_de_Mexico/INFORME_DIARIO_SARAMPI_N__03062025.pdf",2025-06-03,"15_19",146,"1.33"
"https://github.com/fbranda/measles/blob/main/Americas/Mexico/bulletins/Gobierno_de_Mexico/INFORME_DIARIO_SARAMPI_N__03062025.pdf",2025-06-03,"20_24",207,"1.91"
"https://github.com/fbranda/measles/blob/main/Americas/Mexico/bulletins/Gobierno_de_Mexico/INFORME_DIARIO_SARAMPI_N__03062025.pdf",2025-06-03,"25_29",283,"2.67"
"https://github.com/fbranda/measles/blob/main/Americas/Mexico/bulletins/Gobierno_de_Mexico/INFORME_DIARIO_SARAMPI_N__03062025.pdf",2025-06-03,"30_34",268,"2.57"
"https://github.com/fbranda/measles/blob/main/Americas/Mexico/bulletins/Gobierno_de_Mexico/INFORME_DIARIO_SARAMPI_N__03062025.pdf",2025-06-03,"35_39",180,"1.85"
"https://github.com/fbranda/measles/blob/main/Americas/Mexico/bulletins/Gobierno_de_Mexico/INFORME_DIARIO_SARAMPI_N__03062025.pdf",2025-06-03,"40_44",99,"1.12"
"https://github.com/fbranda/measles/blob/main/Americas/Mexico/bulletins/Gobierno_de_Mexico/INFORME_DIARIO_SARAMPI_N__03062025.pdf",2025-06-03,"45_49",59,"0.72"
"https://github.com/fbranda/measles/blob/main/Americas/Mexico/bulletins/Gobierno_de_Mexico/INFORME_DIARIO_SARAMPI_N__03062025.pdf",2025-06-03,"50_54",45,"0.59"
"https://github.com/fbranda/measles/blob/main/Americas/Mexico/bulletins/Gobierno_de_Mexico/INFORME_DIARIO_SARAMPI_N__03062025.pdf",2025-06-03,"55_59",10,"0.15"
"https://github.com/fbranda/measles/blob/main/Americas/Mexico/bulletins/Gobierno_de_Mexico/INFORME_DIARIO_SARAMPI_N__03062025.pdf",2025-06-03,"60_64",5,"0.09"
"https://github.com/fbranda/measles/blob/main/Americas/Mexico/bulletins/Gobierno_de_Mexico/INFORME_DIARIO_SARAMPI_N__03062025.pdf",2025-06-03,"65+",3,"0.03"
"https://github.com/fbranda/measles/blob/main/Americas/Mexico/bulletins/Gobierno_de_Mexico/INFORME_DIARIO_SARAMPION__04062025__2_.pdf",2025-06-04,"0_4",369,"3.55"
"https://github.com/fbranda/measles/blob/main/Americas/Mexico/bulletins/Gobierno_de_Mexico/INFORME_DIARIO_SARAMPION__04062025__2_.pdf",2025-06-04,"5_9",179,"1.66"
"https://github.com/fbranda/measles/blob/main/Americas/Mexico/bulletins/Gobierno_de_Mexico/INFORME_DIARIO_SARAMPION__04062025__2_.pdf",2025-06-04,"10_14",129,"1.17"
"https://github.com/fbranda/measles/blob/main/Americas/Mexico/bulletins/Gobierno_de_Mexico/INFORME_DIARIO_SARAMPION__04062025__2_.pdf",2025-06-04,"15_19",159,"1.45"
"https://github.com/fbranda/measles/blob/main/Americas/Mexico/bulletins/Gobierno_de_Mexico/INFORME_DIARIO_SARAMPION__04062025__2_.pdf",2025-06-04,"20_24",221,"2.04"
"https://github.com/fbranda/measles/blob/main/Americas/Mexico/bulletins/Gobierno_de_Mexico/INFORME_DIARIO_SARAMPION__04062025__2_.pdf",2025-06-04,"25_29",303,"2.86"
"https://github.com/fbranda/measles/blob/main/Americas/Mexico/bulletins/Gobierno_de_Mexico/INFORME_DIARIO_SARAMPION__04062025__2_.pdf",2025-06-04,"30_34",273,"2.62"
"https://github.com/fbranda/measles/blob/main/Americas/Mexico/bulletins/Gobierno_de_Mexico/INFORME_DIARIO_SARAMPION__04062025__2_.pdf",2025-06-04,"35_39",180,"1.85"
"https://github.com/fbranda/measles/blob/main/Americas/Mexico/bulletins/Gobierno_de_Mexico/INFORME_DIARIO_SARAMPION__04062025__2_.pdf",2025-06-04,"40_44",103,"1.16"
"https://github.com/fbranda/measles/blob/main/Americas/Mexico/bulletins/Gobierno_de_Mexico/INFORME_DIARIO_SARAMPION__04062025__2_.pdf",2025-06-04,"45_49",61,"0.75"
"https://github.com/fbranda/measles/blob/main/Americas/Mexico/bulletins/Gobierno_de_Mexico/INFORME_DIARIO_SARAMPION__04062025__2_.pdf",2025-06-04,"50_54",46,"0.60"
"https://github.com/fbranda/measles/blob/main/Americas/Mexico/bulletins/Gobierno_de_Mexico/INFORME_DIARIO_SARAMPION__04062025__2_.pdf",2025-06-04,"55_59",10,"0.15"
"https://github.com/fbranda/measles/blob/main/Americas/Mexico/bulletins/Gobierno_de_Mexico/INFORME_DIARIO_SARAMPION__04062025__2_.pdf",2025-06-04,"60_64",5,"0.09"
"https://github.com/fbranda/measles/blob/main/Americas/Mexico/bulletins/Gobierno_de_Mexico/INFORME_DIARIO_SARAMPION__04062025__2_.pdf",2025-06-04,"65+",3,"0.03"
"https://github.com/fbranda/measles/blob/main/Americas/Mexico/bulletins/Gobierno_de_Mexico/INFORME_DIARIO_SARAMPION__05062025.pdf",2025-06-05,"0_4",375,"3.60"
"https://github.com/fbranda/measles/blob/main/Americas/Mexico/bulletins/Gobierno_de_Mexico/INFORME_DIARIO_SARAMPION__05062025.pdf",2025-06-05,"5_9",188,"1.88"
"https://github.com/fbranda/measles/blob/main/Americas/Mexico/bulletins/Gobierno_de_Mexico/INFORME_DIARIO_SARAMPION__05062025.pdf",2025-06-05,"10_14",131,"1.19"
"https://github.com/fbranda/measles/blob/main/Americas/Mexico/bulletins/Gobierno_de_Mexico/INFORME_DIARIO_SARAMPION__05062025.pdf",2025-06-05,"15_19",166,"1.51"
"https://github.com/fbranda/measles/blob/main/Americas/Mexico/bulletins/Gobierno_de_Mexico/INFORME_DIARIO_SARAMPION__05062025.pdf",2025-06-05,"20_24",225,"2.07"
"https://github.com/fbranda/measles/blob/main/Americas/Mexico/bulletins/Gobierno_de_Mexico/INFORME_DIARIO_SARAMPION__05062025.pdf",2025-06-05,"25_29",308,"2.91"
"https://github.com/fbranda/measles/blob/main/Americas/Mexico/bulletins/Gobierno_de_Mexico/INFORME_DIARIO_SARAMPION__05062025.pdf",2025-06-05,"30_34",273,"2.62"
"https://github.com/fbranda/measles/blob/main/Americas/Mexico/bulletins/Gobierno_de_Mexico/INFORME_DIARIO_SARAMPION__05062025.pdf",2025-06-05,"35_39",184,"1.89"
"https://github.com/fbranda/measles/blob/main/Americas/Mexico/bulletins/Gobierno_de_Mexico/INFORME_DIARIO_SARAMPION__05062025.pdf",2025-06-05,"40_44",104,"1.18"
"https://github.com/fbranda/measles/blob/main/Americas/Mexico/bulletins/Gobierno_de_Mexico/INFORME_DIARIO_SARAMPION__05062025.pdf",2025-06-05,"45_49",62,"0.76"
"https://github.com/fbranda/measles/blob/main/Americas/Mexico/bulletins/Gobierno_de_Mexico/INFORME_DIARIO_SARAMPION__05062025.pdf",2025-06-05,"50_54",46,"0.60"
"https://github.com/fbranda/measles/blob/main/Americas/Mexico/bulletins/Gobierno_de_Mexico/INFORME_DIARIO_SARAMPION__05062025.pdf",2025-06-05,"55_59",10,"0.15"
"https://github.com/fbranda/measles/blob/main/Americas/Mexico/bulletins/Gobierno_de_Mexico/INFORME_DIARIO_SARAMPION__05062025.pdf",2025-06-05,"60_64",5,"0.09"
"https://github.com/fbranda/measles/blob/main/Americas/Mexico/bulletins/Gobierno_de_Mexico/INFORME_DIARIO_SARAMPION__05062025.pdf",2025-06-05,"65+",3,"0.03"
"https://github.com/fbranda/measles/blob/main/Americas/Mexico/bulletins/Gobierno_de_Mexico/INFORME_DIARIO_SARAMPION_20250610.pdf",2025-06-10,"0_4",396,"3.81"
"https://github.com/fbranda/measles/blob/main/Americas/Mexico/bulletins/Gobierno_de_Mexico/INFORME_DIARIO_SARAMPION_20250610.pdf",2025-06-10,"5_9",194,"1.80"
"https://github.com/fbranda/measles/blob/main/Americas/Mexico/bulletins/Gobierno_de_Mexico/INFORME_DIARIO_SARAMPION_20250610.pdf",2025-06-10,"10_14",138,"1.26"
"https://github.com/fbranda/measles/blob/main/Americas/Mexico/bulletins/Gobierno_de_Mexico/INFORME_DIARIO_SARAMPION_20250610.pdf",2025-06-10,"15_19",177,"1.61"
"https://github.com/fbranda/measles/blob/main/Americas/Mexico/bulletins/Gobierno_de_Mexico/INFORME_DIARIO_SARAMPION_20250610.pdf",2025-06-10,"20_24",236,"2.17"
"https://github.com/fbranda/measles/blob/main/Americas/Mexico/bulletins/Gobierno_de_Mexico/INFORME_DIARIO_SARAMPION_20250610.pdf",2025-06-10,"25_29",320,"3.02"
"https://github.com/fbranda/measles/blob/main/Americas/Mexico/bulletins/Gobierno_de_Mexico/INFORME_DIARIO_SARAMPION_20250610.pdf",2025-06-10,"30_34",282,"2.70"
"https://github.com/fbranda/measles/blob/main/Americas/Mexico/bulletins/Gobierno_de_Mexico/INFORME_DIARIO_SARAMPION_20250610.pdf",2025-06-10,"35_39",192,"1.97"
"https://github.com/fbranda/measles/blob/main/Americas/Mexico/bulletins/Gobierno_de_Mexico/INFORME_DIARIO_SARAMPION_20250610.pdf",2025-06-10,"40_44",114,"1.29"
"https://github.com/fbranda/measles/blob/main/Americas/Mexico/bulletins/Gobierno_de_Mexico/INFORME_DIARIO_SARAMPION_20250610.pdf",2025-06-10,"45_49",66,"0.81"
"https://github.com/fbranda/measles/blob/main/Americas/Mexico/bulletins/Gobierno_de_Mexico/INFORME_DIARIO_SARAMPION_20250610.pdf",2025-06-10,"50_54",47,"0.62"
"https://github.com/fbranda/measles/blob/main/Americas/Mexico/bulletins/Gobierno_de_Mexico/INFORME_DIARIO_SARAMPION_20250610.pdf",2025-06-10,"55_59",11,"0.17"
"https://github.com/fbranda/measles/blob/main/Americas/Mexico/bulletins/Gobierno_de_Mexico/INFORME_DIARIO_SARAMPION_20250610.pdf",2025-06-10,"60_64",5,"0.09"
"https://github.com/fbranda/measles/blob/main/Americas/Mexico/bulletins/Gobierno_de_Mexico/INFORME_DIARIO_SARAMPION_20250610.pdf",2025-06-10,"65+",3,"0.03"
"https://github.com/fbranda/measles/blob/main/Americas/Mexico/bulletins/Gobierno_de_Mexico/INFORME_DIARIO_SARAMPION_20250611.pdf",2025-06-11,"0_4",408,"3.92"
"https://github.com/fbranda/measles/blob/main/Americas/Mexico/bulletins/Gobierno_de_Mexico/INFORME_DIARIO_SARAMPION_20250611.pdf",2025-06-11,"5_9",196,"1.82"
"https://github.com/fbranda/measles/blob/main/Americas/Mexico/bulletins/Gobierno_de_Mexico/INFORME_DIARIO_SARAMPION_20250611.pdf",2025-06-11,"10_14",138,"1.26"
"https://github.com/fbranda/measles/blob/main/Americas/Mexico/bulletins/Gobierno_de_Mexico/INFORME_DIARIO_SARAMPION_20250611.pdf",2025-06-11,"15_19",177,"1.61"
"https://github.com/fbranda/measles/blob/main/Americas/Mexico/bulletins/Gobierno_de_Mexico/INFORME_DIARIO_SARAMPION_20250611.pdf",2025-06-11,"20_24",236,"2.17"
"https://github.com/fbranda/measles/blob/main/Americas/Mexico/bulletins/Gobierno_de_Mexico/INFORME_DIARIO_SARAMPION_20250611.pdf",2025-06-11,"25_29",327,"3.08"
"https://github.com/fbranda/measles/blob/main/Americas/Mexico/bulletins/Gobierno_de_Mexico/INFORME_DIARIO_SARAMPION_20250611.pdf",2025-06-11,"30_34",285,"2.73"
"https://github.com/fbranda/measles/blob/main/Americas/Mexico/bulletins/Gobierno_de_Mexico/INFORME_DIARIO_SARAMPION_20250611.pdf",2025-06-11,"35_39",198,"2.03"
"https://github.com/fbranda/measles/blob/main/Americas/Mexico/bulletins/Gobierno_de_Mexico/INFORME_DIARIO_SARAMPION_20250611.pdf",2025-06-11,"40_44",118,"1.33"
"https://github.com/fbranda/measles/blob/main/Americas/Mexico/bulletins/Gobierno_de_Mexico/INFORME_DIARIO_SARAMPION_20250611.pdf",2025-06-11,"45_49",66,"0.81"
"https://github.com/fbranda/measles/blob/main/Americas/Mexico/bulletins/Gobierno_de_Mexico/INFORME_DIARIO_SARAMPION_20250611.pdf",2025-06-11,"50_54",48,"0.63"
"https://github.com/fbranda/measles/blob/main/Americas/Mexico/bulletins/Gobierno_de_Mexico/INFORME_DIARIO_SARAMPION_20250611.pdf",2025-06-11,"55_59",11,"0.17"
"https://github.com/fbranda/measles/blob/main/Americas/Mexico/bulletins/Gobierno_de_Mexico/INFORME_DIARIO_SARAMPION_20250611.pdf",2025-06-11,"60_64",5,"0.09"
"https://github.com/fbranda/measles/blob/main/Americas/Mexico/bulletins/Gobierno_de_Mexico/INFORME_DIARIO_SARAMPION_20250611.pdf",2025-06-11,"65+",3,"0.03"
"https://github.com/fbranda/measles/blob/main/Americas/Mexico/bulletins/Gobierno_de_Mexico/INFORME_DIARIO_SARAMPION_20250612.pdf",2025-06-12,"0_4",434,"4.17"
"https://github.com/fbranda/measles/blob/main/Americas/Mexico/bulletins/Gobierno_de_Mexico/INFORME_DIARIO_SARAMPION_20250612.pdf",2025-06-12,"5_9",208,"1.93"
"https://github.com/fbranda/measles/blob/main/Americas/Mexico/bulletins/Gobierno_de_Mexico/INFORME_DIARIO_SARAMPION_20250612.pdf",2025-06-12,"10_14",150,"1.37"
"https://github.com/fbranda/measles/blob/main/Americas/Mexico/bulletins/Gobierno_de_Mexico/INFORME_DIARIO_SARAMPION_20250612.pdf",2025-06-12,"15_19",190,"1.73"
"https://github.com/fbranda/measles/blob/main/Americas/Mexico/bulletins/Gobierno_de_Mexico/INFORME_DIARIO_SARAMPION_20250612.pdf",2025-06-12,"20_24",248,"2.28"
"https://github.com/fbranda/measles/blob/main/Americas/Mexico/bulletins/Gobierno_de_Mexico/INFORME_DIARIO_SARAMPION_20250612.pdf",2025-06-12,"25_29",344,"3.25"
"https://github.com/fbranda/measles/blob/main/Americas/Mexico/bulletins/Gobierno_de_Mexico/INFORME_DIARIO_SARAMPION_20250612.pdf",2025-06-12,"30_34",298,"2.85"
"https://github.com/fbranda/measles/blob/main/Americas/Mexico/bulletins/Gobierno_de_Mexico/INFORME_DIARIO_SARAMPION_20250612.pdf",2025-06-12,"35_39",203,"2.09"
"https://github.com/fbranda/measles/blob/main/Americas/Mexico/bulletins/Gobierno_de_Mexico/INFORME_DIARIO_SARAMPION_20250612.pdf",2025-06-12,"40_44",124,"1.40"
"https://github.com/fbranda/measles/blob/main/Americas/Mexico/bulletins/Gobierno_de_Mexico/INFORME_DIARIO_SARAMPION_20250612.pdf",2025-06-12,"45_49",69,"0.84"
"https://github.com/fbranda/measles/blob/main/Americas/Mexico/bulletins/Gobierno_de_Mexico/INFORME_DIARIO_SARAMPION_20250612.pdf",2025-06-12,"50_54",48,"0.63"
"https://github.com/fbranda/measles/blob/main/Americas/Mexico/bulletins/Gobierno_de_Mexico/INFORME_DIARIO_SARAMPION_20250612.pdf",2025-06-12,"55_59",12,"0.18"
"https://github.com/fbranda/measles/blob/main/Americas/Mexico/bulletins/Gobierno_de_Mexico/INFORME_DIARIO_SARAMPION_20250612.pdf",2025-06-12,"60_64",5,"0.09"
"https://github.com/fbranda/measles/blob/main/Americas/Mexico/bulletins/Gobierno_de_Mexico/INFORME_DIARIO_SARAMPION_20250612.pdf",2025-06-12,"65+",3,"0.03"
"https://github.com/fbranda/measles/blob/main/Americas/Mexico/bulletins/Gobierno_de_Mexico/INFORMEDIARIOSARAMPION_13062025.pdf",2025-06-13,"0_4",447,"4.30"
"https://github.com/fbranda/measles/blob/main/Americas/Mexico/bulletins/Gobierno_de_Mexico/INFORMEDIARIOSARAMPION_13062025.pdf",2025-06-13,"5_9",210,"1.95"
"https://github.com/fbranda/measles/blob/main/Americas/Mexico/bulletins/Gobierno_de_Mexico/INFORMEDIARIOSARAMPION_13062025.pdf",2025-06-13,"10_14",152,"1.38"
"https://github.com/fbranda/measles/blob/main/Americas/Mexico/bulletins/Gobierno_de_Mexico/INFORMEDIARIOSARAMPION_13062025.pdf",2025-06-13,"15_19",193,"1.75"
"https://github.com/fbranda/measles/blob/main/Americas/Mexico/bulletins/Gobierno_de_Mexico/INFORMEDIARIOSARAMPION_13062025.pdf",2025-06-13,"20_24",249,"2.29"
"https://github.com/fbranda/measles/blob/main/Americas/Mexico/bulletins/Gobierno_de_Mexico/INFORMEDIARIOSARAMPION_13062025.pdf",2025-06-13,"25_29",357,"3.37"
"https://github.com/fbranda/measles/blob/main/Americas/Mexico/bulletins/Gobierno_de_Mexico/INFORMEDIARIOSARAMPION_13062025.pdf",2025-06-13,"30_34",303,"2.90"
"https://github.com/fbranda/measles/blob/main/Americas/Mexico/bulletins/Gobierno_de_Mexico/INFORMEDIARIOSARAMPION_13062025.pdf",2025-06-13,"35_39",206,"2.12"
"https://github.com/fbranda/measles/blob/main/Americas/Mexico/bulletins/Gobierno_de_Mexico/INFORMEDIARIOSARAMPION_13062025.pdf",2025-06-13,"40_44",124,"1.40"
"https://github.com/fbranda/measles/blob/main/Americas/Mexico/bulletins/Gobierno_de_Mexico/INFORMEDIARIOSARAMPION_13062025.pdf",2025-06-13,"45_49",70,"0.86"
"https://github.com/fbranda/measles/blob/main/Americas/Mexico/bulletins/Gobierno_de_Mexico/INFORMEDIARIOSARAMPION_13062025.pdf",2025-06-13,"50_54",50,"0.65"
"https://github.com/fbranda/measles/blob/main/Americas/Mexico/bulletins/Gobierno_de_Mexico/INFORMEDIARIOSARAMPION_13062025.pdf",2025-06-13,"55_59",12,"0.18"
"https://github.com/fbranda/measles/blob/main/Americas/Mexico/bulletins/Gobierno_de_Mexico/INFORMEDIARIOSARAMPION_13062025.pdf",2025-06-13,"60_64",5,"0.09"
"https://github.com/fbranda/measles/blob/main/Americas/Mexico/bulletins/Gobierno_de_Mexico/INFORMEDIARIOSARAMPION_13062025.pdf",2025-06-13,"65+",3,"0.03"
"https://github.com/fbranda/measles/blob/main/Americas/Mexico/bulletins/Gobierno_de_Mexico/INFORME_DIARIO_16062025.pdf",2025-06-16,"0_4",467,"4.49"
"https://github.com/fbranda/measles/blob/main/Americas/Mexico/bulletins/Gobierno_de_Mexico/INFORME_DIARIO_16062025.pdf",2025-06-16,"5_9",212,"1.97"
"https://github.com/fbranda/measles/blob/main/Americas/Mexico/bulletins/Gobierno_de_Mexico/INFORME_DIARIO_16062025.pdf",2025-06-16,"10_14",157,"1.43"
"https://github.com/fbranda/measles/blob/main/Americas/Mexico/bulletins/Gobierno_de_Mexico/INFORME_DIARIO_16062025.pdf",2025-06-16,"15_19",200,"1.82"
"https://github.com/fbranda/measles/blob/main/Americas/Mexico/bulletins/Gobierno_de_Mexico/INFORME_DIARIO_16062025.pdf",2025-06-16,"20_24",255,"2.35"
"https://github.com/fbranda/measles/blob/main/Americas/Mexico/bulletins/Gobierno_de_Mexico/INFORME_DIARIO_16062025.pdf",2025-06-16,"25_29",361,"3.41"
"https://github.com/fbranda/measles/blob/main/Americas/Mexico/bulletins/Gobierno_de_Mexico/INFORME_DIARIO_16062025.pdf",2025-06-16,"30_34",307,"2.94"
"https://github.com/fbranda/measles/blob/main/Americas/Mexico/bulletins/Gobierno_de_Mexico/INFORME_DIARIO_16062025.pdf",2025-06-16,"35_39",209,"2.15"
"https://github.com/fbranda/measles/blob/main/Americas/Mexico/bulletins/Gobierno_de_Mexico/INFORME_DIARIO_16062025.pdf",2025-06-16,"40_44",125,"1.41"
"https://github.com/fbranda/measles/blob/main/Americas/Mexico/bulletins/Gobierno_de_Mexico/INFORME_DIARIO_16062025.pdf",2025-06-16,"45_49",71,"0.87"
"https://github.com/fbranda/measles/blob/main/Americas/Mexico/bulletins/Gobierno_de_Mexico/INFORME_DIARIO_16062025.pdf",2025-06-16,"50_54",49,"0.64"
"https://github.com/fbranda/measles/blob/main/Americas/Mexico/bulletins/Gobierno_de_Mexico/INFORME_DIARIO_16062025.pdf",2025-06-16,"55_59",13,"0.20"
"https://github.com/fbranda/measles/blob/main/Americas/Mexico/bulletins/Gobierno_de_Mexico/INFORME_DIARIO_16062025.pdf",2025-06-16,"60_64",5,"0.09"
"https://github.com/fbranda/measles/blob/main/Americas/Mexico/bulletins/Gobierno_de_Mexico/INFORME_DIARIO_16062025.pdf",2025-06-16,"65+",3,"0.03"
"https://github.com/fbranda/measles/blob/main/Americas/Mexico/bulletins/Gobierno_de_Mexico/INFORME_DIARIOSARAMPI_N_17062025.pdf",2025-06-17,"0_4",477,"4.58"
"https://github.com/fbranda/measles/blob/main/Americas/Mexico/bulletins/Gobierno_de_Mexico/INFORME_DIARIOSARAMPI_N_17062025.pdf",2025-06-17,"5_9",213,"1.98"
"https://github.com/fbranda/measles/blob/main/Americas/Mexico/bulletins/Gobierno_de_Mexico/INFORME_DIARIOSARAMPI_N_17062025.pdf",2025-06-17,"10_14",159,"1.45"
"https://github.com/fbranda/measles/blob/main/Americas/Mexico/bulletins/Gobierno_de_Mexico/INFORME_DIARIOSARAMPI_N_17062025.pdf",2025-06-17,"15_19",200,"1.82"
"https://github.com/fbranda/measles/blob/main/Americas/Mexico/bulletins/Gobierno_de_Mexico/INFORME_DIARIOSARAMPI_N_17062025.pdf",2025-06-17,"20_24",258,"2.38"
"https://github.com/fbranda/measles/blob/main/Americas/Mexico/bulletins/Gobierno_de_Mexico/INFORME_DIARIOSARAMPI_N_17062025.pdf",2025-06-17,"25_29",366,"3.45"
"https://github.com/fbranda/measles/blob/main/Americas/Mexico/bulletins/Gobierno_de_Mexico/INFORME_DIARIOSARAMPI_N_17062025.pdf",2025-06-17,"30_34",312,"2.99"
"https://github.com/fbranda/measles/blob/main/Americas/Mexico/bulletins/Gobierno_de_Mexico/INFORME_DIARIOSARAMPI_N_17062025.pdf",2025-06-17,"35_39",209,"2.15"
"https://github.com/fbranda/measles/blob/main/Americas/Mexico/bulletins/Gobierno_de_Mexico/INFORME_DIARIOSARAMPI_N_17062025.pdf",2025-06-17,"40_44",125,"1.41"
"https://github.com/fbranda/measles/blob/main/Americas/Mexico/bulletins/Gobierno_de_Mexico/INFORME_DIARIOSARAMPI_N_17062025.pdf",2025-06-17,"45_49",73,"0.89"
"https://github.com/fbranda/measles/blob/main/Americas/Mexico/bulletins/Gobierno_de_Mexico/INFORME_DIARIOSARAMPI_N_17062025.pdf",2025-06-17,"50_54",49,"0.64"
"https://github.com/fbranda/measles/blob/main/Americas/Mexico/bulletins/Gobierno_de_Mexico/INFORME_DIARIOSARAMPI_N_17062025.pdf",2025-06-17,"55_59",13,"0.20"
"https://github.com/fbranda/measles/blob/main/Americas/Mexico/bulletins/Gobierno_de_Mexico/INFORME_DIARIOSARAMPI_N_17062025.pdf",2025-06-17,"60_64",5,"0.09"
"https://github.com/fbranda/measles/blob/main/Americas/Mexico/bulletins/Gobierno_de_Mexico/INFORME_DIARIOSARAMPI_N_17062025.pdf",2025-06-17,"65+",3,"0.03"
"https://github.com/fbranda/measles/blob/main/Americas/Mexico/bulletins/Gobierno_de_Mexico/INFORME_DIARIOSARAMPI_N_18062025.pdf",2025-06-18,"0_4",485,"4.66"
"https://github.com/fbranda/measles/blob/main/Americas/Mexico/bulletins/Gobierno_de_Mexico/INFORME_DIARIOSARAMPI_N_18062025.pdf",2025-06-18,"5_9",214,"1.99"
"https://github.com/fbranda/measles/blob/main/Americas/Mexico/bulletins/Gobierno_de_Mexico/INFORME_DIARIOSARAMPI_N_18062025.pdf",2025-06-18,"10_14",159,"1.45"
"https://github.com/fbranda/measles/blob/main/Americas/Mexico/bulletins/Gobierno_de_Mexico/INFORME_DIARIOSARAMPI_N_18062025.pdf",2025-06-18,"15_19",201,"1.83"
"https://github.com/fbranda/measles/blob/main/Americas/Mexico/bulletins/Gobierno_de_Mexico/INFORME_DIARIOSARAMPI_N_18062025.pdf",2025-06-18,"20_24",260,"2.39"
"https://github.com/fbranda/measles/blob/main/Americas/Mexico/bulletins/Gobierno_de_Mexico/INFORME_DIARIOSARAMPI_N_18062025.pdf",2025-06-18,"25_29",368,"3.47"
"https://github.com/fbranda/measles/blob/main/Americas/Mexico/bulletins/Gobierno_de_Mexico/INFORME_DIARIOSARAMPI_N_18062025.pdf",2025-06-18,"30_34",313,"3.00"
"https://github.com/fbranda/measles/blob/main/Americas/Mexico/bulletins/Gobierno_de_Mexico/INFORME_DIARIOSARAMPI_N_18062025.pdf",2025-06-18,"35_39",212,"2.18"
"https://github.com/fbranda/measles/blob/main/Americas/Mexico/bulletins/Gobierno_de_Mexico/INFORME_DIARIOSARAMPI_N_18062025.pdf",2025-06-18,"40_44",126,"1.42"
"https://github.com/fbranda/measles/blob/main/Americas/Mexico/bulletins/Gobierno_de_Mexico/INFORME_DIARIOSARAMPI_N_18062025.pdf",2025-06-18,"45_49",73,"0.89"
"https://github.com/fbranda/measles/blob/main/Americas/Mexico/bulletins/Gobierno_de_Mexico/INFORME_DIARIOSARAMPI_N_18062025.pdf",2025-06-18,"50_54",51,"0.67"
"https://github.com/fbranda/measles/blob/main/Americas/Mexico/bulletins/Gobierno_de_Mexico/INFORME_DIARIOSARAMPI_N_18062025.pdf",2025-06-18,"55_59",13,"0.20"
"https://github.com/fbranda/measles/blob/main/Americas/Mexico/bulletins/Gobierno_de_Mexico/INFORME_DIARIOSARAMPI_N_18062025.pdf",2025-06-18,"60_64",5,"0.09"
"https://github.com/fbranda/measles/blob/main/Americas/Mexico/bulletins/Gobierno_de_Mexico/INFORME_DIARIOSARAMPI_N_18062025.pdf",2025-06-18,"65+",3,"0.03"
"https://github.com/fbranda/measles/blob/main/Americas/Mexico/bulletins/Gobierno_de_Mexico/INFORME_DIARIOSARAMPI_N_19062025.pdf",2025-06-19,"0_4",493,"4.74"
"https://github.com/fbranda/measles/blob/main/Americas/Mexico/bulletins/Gobierno_de_Mexico/INFORME_DIARIOSARAMPI_N_19062025.pdf",2025-06-19,"5_9",217,"2.02"
"https://github.com/fbranda/measles/blob/main/Americas/Mexico/bulletins/Gobierno_de_Mexico/INFORME_DIARIOSARAMPI_N_19062025.pdf",2025-06-19,"10_14",162,"1.48"
"https://github.com/fbranda/measles/blob/main/Americas/Mexico/bulletins/Gobierno_de_Mexico/INFORME_DIARIOSARAMPI_N_19062025.pdf",2025-06-19,"15_19",201,"1.83"
"https://github.com/fbranda/measles/blob/main/Americas/Mexico/bulletins/Gobierno_de_Mexico/INFORME_DIARIOSARAMPI_N_19062025.pdf",2025-06-19,"20_24",261,"2.40"
"https://github.com/fbranda/measles/blob/main/Americas/Mexico/bulletins/Gobierno_de_Mexico/INFORME_DIARIOSARAMPI_N_19062025.pdf",2025-06-19,"25_29",372,"3.51"
"https://github.com/fbranda/measles/blob/main/Americas/Mexico/bulletins/Gobierno_de_Mexico/INFORME_DIARIOSARAMPI_N_19062025.pdf",2025-06-19,"30_34",314,"3.01"
"https://github.com/fbranda/measles/blob/main/Americas/Mexico/bulletins/Gobierno_de_Mexico/INFORME_DIARIOSARAMPI_N_19062025.pdf",2025-06-19,"35_39",215,"2.21"
"https://github.com/fbranda/measles/blob/main/Americas/Mexico/bulletins/Gobierno_de_Mexico/INFORME_DIARIOSARAMPI_N_19062025.pdf",2025-06-19,"40_44",127,"1.44"
"https://github.com/fbranda/measles/blob/main/Americas/Mexico/bulletins/Gobierno_de_Mexico/INFORME_DIARIOSARAMPI_N_19062025.pdf",2025-06-19,"45_49",73,"0.89"
"https://github.com/fbranda/measles/blob/main/Americas/Mexico/bulletins/Gobierno_de_Mexico/INFORME_DIARIOSARAMPI_N_19062025.pdf",2025-06-19,"50_54",51,"0.67"
"https://github.com/fbranda/measles/blob/main/Americas/Mexico/bulletins/Gobierno_de_Mexico/INFORME_DIARIOSARAMPI_N_19062025.pdf",2025-06-19,"55_59",13,"0.20"
"https://github.com/fbranda/measles/blob/main/Americas/Mexico/bulletins/Gobierno_de_Mexico/INFORME_DIARIOSARAMPI_N_19062025.pdf",2025-06-19,"60_64",5,"0.09"
"https://github.com/fbranda/measles/blob/main/Americas/Mexico/bulletins/Gobierno_de_Mexico/INFORME_DIARIOSARAMPI_N_19062025.pdf",2025-06-19,"65+",3,"0.03"
"https://github.com/fbranda/measles/blob/main/Americas/Mexico/bulletins/Gobierno_de_Mexico/INFORME_DIARIO_SARAMPION_20250623.pdf",2025-06-23,"0_4",520,"5.00"
"https://github.com/fbranda/measles/blob/main/Americas/Mexico/bulletins/Gobierno_de_Mexico/INFORME_DIARIO_SARAMPION_20250623.pdf",2025-06-23,"5_9",226,"2.10"
"https://github.com/fbranda/measles/blob/main/Americas/Mexico/bulletins/Gobierno_de_Mexico/INFORME_DIARIO_SARAMPION_20250623.pdf",2025-06-23,"10_14",167,"1.52"
"https://github.com/fbranda/measles/blob/main/Americas/Mexico/bulletins/Gobierno_de_Mexico/INFORME_DIARIO_SARAMPION_20250623.pdf",2025-06-23,"15_19",208,"1.89"
"https://github.com/fbranda/measles/blob/main/Americas/Mexico/bulletins/Gobierno_de_Mexico/INFORME_DIARIO_SARAMPION_20250623.pdf",2025-06-23,"20_24",275,"2.53"
"https://github.com/fbranda/measles/blob/main/Americas/Mexico/bulletins/Gobierno_de_Mexico/INFORME_DIARIO_SARAMPION_20250623.pdf",2025-06-23,"25_29",386,"3.64"
"https://github.com/fbranda/measles/blob/main/Americas/Mexico/bulletins/Gobierno_de_Mexico/INFORME_DIARIO_SARAMPION_20250623.pdf",2025-06-23,"30_34",320,"3.07"
"https://github.com/fbranda/measles/blob/main/Americas/Mexico/bulletins/Gobierno_de_Mexico/INFORME_DIARIO_SARAMPION_20250623.pdf",2025-06-23,"35_39",219,"2.25"
"https://github.com/fbranda/measles/blob/main/Americas/Mexico/bulletins/Gobierno_de_Mexico/INFORME_DIARIO_SARAMPION_20250623.pdf",2025-06-23,"40_44",128,"1.45"
"https://github.com/fbranda/measles/blob/main/Americas/Mexico/bulletins/Gobierno_de_Mexico/INFORME_DIARIO_SARAMPION_20250623.pdf",2025-06-23,"45_49",73,"0.89"
"https://github.com/fbranda/measles/blob/main/Americas/Mexico/bulletins/Gobierno_de_Mexico/INFORME_DIARIO_SARAMPION_20250623.pdf",2025-06-23,"50_54",54,"0.71"
"https://github.com/fbranda/measles/blob/main/Americas/Mexico/bulletins/Gobierno_de_Mexico/INFORME_DIARIO_SARAMPION_20250623.pdf",2025-06-23,"55_59",13,"0.20"
"https://github.com/fbranda/measles/blob/main/Americas/Mexico/bulletins/Gobierno_de_Mexico/INFORME_DIARIO_SARAMPION_20250623.pdf",2025-06-23,"60_64",5,"0.09"
"https://github.com/fbranda/measles/blob/main/Americas/Mexico/bulletins/Gobierno_de_Mexico/INFORME_DIARIO_SARAMPION_20250623.pdf",2025-06-23,"65+",3,"0.03"
"https://github.com/fbranda/measles/blob/main/Americas/Mexico/bulletins/Gobierno_de_Mexico/INFORME_DIARIO_SARAMPION_20250624.pdf",2025-06-24,"0_4",528,"5.08"
"https://github.com/fbranda/measles/blob/main/Americas/Mexico/bulletins/Gobierno_de_Mexico/INFORME_DIARIO_SARAMPION_20250624.pdf",2025-06-24,"5_9",228,"2.12"
"https://github.com/fbranda/measles/blob/main/Americas/Mexico/bulletins/Gobierno_de_Mexico/INFORME_DIARIO_SARAMPION_20250624.pdf",2025-06-24,"10_14",171,"1.56"
"https://github.com/fbranda/measles/blob/main/Americas/Mexico/bulletins/Gobierno_de_Mexico/INFORME_DIARIO_SARAMPION_20250624.pdf",2025-06-24,"15_19",211,"1.92"
"https://github.com/fbranda/measles/blob/main/Americas/Mexico/bulletins/Gobierno_de_Mexico/INFORME_DIARIO_SARAMPION_20250624.pdf",2025-06-24,"20_24",277,"2.55"
"https://github.com/fbranda/measles/blob/main/Americas/Mexico/bulletins/Gobierno_de_Mexico/INFORME_DIARIO_SARAMPION_20250624.pdf",2025-06-24,"25_29",391,"3.69"
"https://github.com/fbranda/measles/blob/main/Americas/Mexico/bulletins/Gobierno_de_Mexico/INFORME_DIARIO_SARAMPION_20250624.pdf",2025-06-24,"30_34",325,"3.11"
"https://github.com/fbranda/measles/blob/main/Americas/Mexico/bulletins/Gobierno_de_Mexico/INFORME_DIARIO_SARAMPION_20250624.pdf",2025-06-24,"35_39",222,"2.28"
"https://github.com/fbranda/measles/blob/main/Americas/Mexico/bulletins/Gobierno_de_Mexico/INFORME_DIARIO_SARAMPION_20250624.pdf",2025-06-24,"40_44",129,"1.46"
"https://github.com/fbranda/measles/blob/main/Americas/Mexico/bulletins/Gobierno_de_Mexico/INFORME_DIARIO_SARAMPION_20250624.pdf",2025-06-24,"45_49",74,"0.91"
"https://github.com/fbranda/measles/blob/main/Americas/Mexico/bulletins/Gobierno_de_Mexico/INFORME_DIARIO_SARAMPION_20250624.pdf",2025-06-24,"50_54",54,"0.71"
"https://github.com/fbranda/measles/blob/main/Americas/Mexico/bulletins/Gobierno_de_Mexico/INFORME_DIARIO_SARAMPION_20250624.pdf",2025-06-24,"55_59",13,"0.20"
"https://github.com/fbranda/measles/blob/main/Americas/Mexico/bulletins/Gobierno_de_Mexico/INFORME_DIARIO_SARAMPION_20250624.pdf",2025-06-24,"60_64",5,"0.09"
"https://github.com/fbranda/measles/blob/main/Americas/Mexico/bulletins/Gobierno_de_Mexico/INFORME_DIARIO_SARAMPION_20250624.pdf",2025-06-24,"65+",3,"0.03"
"https://github.com/fbranda/measles/blob/main/Americas/Mexico/bulletins/Gobierno_de_Mexico/INFORME_DIARIO_SARAMPION_20250625.pdf",2025-06-25,"0_4",528,"5.08"
"https://github.com/fbranda/measles/blob/main/Americas/Mexico/bulletins/Gobierno_de_Mexico/INFORME_DIARIO_SARAMPION_20250625.pdf",2025-06-25,"5_9",228,"2.12"
"https://github.com/fbranda/measles/blob/main/Americas/Mexico/bulletins/Gobierno_de_Mexico/INFORME_DIARIO_SARAMPION_20250625.pdf",2025-06-25,"10_14",171,"1.56"
"https://github.com/fbranda/measles/blob/main/Americas/Mexico/bulletins/Gobierno_de_Mexico/INFORME_DIARIO_SARAMPION_20250625.pdf",2025-06-25,"15_19",211,"1.92"
"https://github.com/fbranda/measles/blob/main/Americas/Mexico/bulletins/Gobierno_de_Mexico/INFORME_DIARIO_SARAMPION_20250625.pdf",2025-06-25,"20_24",277,"2.55"
"https://github.com/fbranda/measles/blob/main/Americas/Mexico/bulletins/Gobierno_de_Mexico/INFORME_DIARIO_SARAMPION_20250625.pdf",2025-06-25,"25_29",391,"3.69"
"https://github.com/fbranda/measles/blob/main/Americas/Mexico/bulletins/Gobierno_de_Mexico/INFORME_DIARIO_SARAMPION_20250625.pdf",2025-06-25,"30_34",325,"3.11"
"https://github.com/fbranda/measles/blob/main/Americas/Mexico/bulletins/Gobierno_de_Mexico/INFORME_DIARIO_SARAMPION_20250625.pdf",2025-06-25,"35_39",222,"2.28"
"https://github.com/fbranda/measles/blob/main/Americas/Mexico/bulletins/Gobierno_de_Mexico/INFORME_DIARIO_SARAMPION_20250625.pdf",2025-06-25,"40_44",129,"1.46"
"https://github.com/fbranda/measles/blob/main/Americas/Mexico/bulletins/Gobierno_de_Mexico/INFORME_DIARIO_SARAMPION_20250625.pdf",2025-06-25,"45_49",74,"0.91"
"https://github.com/fbranda/measles/blob/main/Americas/Mexico/bulletins/Gobierno_de_Mexico/INFORME_DIARIO_SARAMPION_20250625.pdf",2025-06-25,"50_54",54,"0.71"
"https://github.com/fbranda/measles/blob/main/Americas/Mexico/bulletins/Gobierno_de_Mexico/INFORME_DIARIO_SARAMPION_20250625.pdf",2025-06-25,"55_59",13,"0.20"
"https://github.com/fbranda/measles/blob/main/Americas/Mexico/bulletins/Gobierno_de_Mexico/INFORME_DIARIO_SARAMPION_20250625.pdf",2025-06-25,"60_64",5,"0.09"
"https://github.com/fbranda/measles/blob/main/Americas/Mexico/bulletins/Gobierno_de_Mexico/INFORME_DIARIO_SARAMPION_20250625.pdf",2025-06-25,"65+",3,"0.03"
"https://github.com/fbranda/measles/blob/main/Americas/Mexico/bulletins/Gobierno_de_Mexico/INFORME_DIARIOSARAMPI_N_26062025.pdf",2025-06-26,"0_4",553,"5.32"
"https://github.com/fbranda/measles/blob/main/Americas/Mexico/bulletins/Gobierno_de_Mexico/INFORME_DIARIOSARAMPI_N_26062025.pdf",2025-06-26,"5_9",232,"2.16"
"https://github.com/fbranda/measles/blob/main/Americas/Mexico/bulletins/Gobierno_de_Mexico/INFORME_DIARIOSARAMPI_N_26062025.pdf",2025-06-26,"10_14",172,"1.57"
"https://github.com/fbranda/measles/blob/main/Americas/Mexico/bulletins/Gobierno_de_Mexico/INFORME_DIARIOSARAMPI_N_26062025.pdf",2025-06-26,"15_19",220,"2.00"
"https://github.com/fbranda/measles/blob/main/Americas/Mexico/bulletins/Gobierno_de_Mexico/INFORME_DIARIOSARAMPI_N_26062025.pdf",2025-06-26,"20_24",286,"2.63"
"https://github.com/fbranda/measles/blob/main/Americas/Mexico/bulletins/Gobierno_de_Mexico/INFORME_DIARIOSARAMPI_N_26062025.pdf",2025-06-26,"25_29",396,"3.74"
"https://github.com/fbranda/measles/blob/main/Americas/Mexico/bulletins/Gobierno_de_Mexico/INFORME_DIARIOSARAMPI_N_26062025.pdf",2025-06-26,"30_34",333,"3.19"
"https://github.com/fbranda/measles/blob/main/Americas/Mexico/bulletins/Gobierno_de_Mexico/INFORME_DIARIOSARAMPI_N_26062025.pdf",2025-06-26,"35_39",227,"2.33"
"https://github.com/fbranda/measles/blob/main/Americas/Mexico/bulletins/Gobierno_de_Mexico/INFORME_DIARIOSARAMPI_N_26062025.pdf",2025-06-26,"40_44",131,"1.48"
"https://github.com/fbranda/measles/blob/main/Americas/Mexico/bulletins/Gobierno_de_Mexico/INFORME_DIARIOSARAMPI_N_26062025.pdf",2025-06-26,"45_49",76,"0.93"
"https://github.com/fbranda/measles/blob/main/Americas/Mexico/bulletins/Gobierno_de_Mexico/INFORME_DIARIOSARAMPI_N_26062025.pdf",2025-06-26,"50_54",56,"0.73"
"https://github.com/fbranda/measles/blob/main/Americas/Mexico/bulletins/Gobierno_de_Mexico/INFORME_DIARIOSARAMPI_N_26062025.pdf",2025-06-26,"55_59",13,"0.20"
"https://github.com/fbranda/measles/blob/main/Americas/Mexico/bulletins/Gobierno_de_Mexico/INFORME_DIARIOSARAMPI_N_26062025.pdf",2025-06-26,"60_64",5,"0.09"
"https://github.com/fbranda/measles/blob/main/Americas/Mexico/bulletins/Gobierno_de_Mexico/INFORME_DIARIOSARAMPI_N_26062025.pdf",2025-06-26,"65+",3,"0.03"
"https://github.com/fbranda/measles/blob/main/Americas/Mexico/bulletins/Gobierno_de_Mexico/INFORME_DIARIOSARAMPI_N_27062025.pdf",2025-06-27,"0_4",587,"5.64"
"https://github.com/fbranda/measles/blob/main/Americas/Mexico/bulletins/Gobierno_de_Mexico/INFORME_DIARIOSARAMPI_N_27062025.pdf",2025-06-27,"5_9",244,"2.27"
"https://github.com/fbranda/measles/blob/main/Americas/Mexico/bulletins/Gobierno_de_Mexico/INFORME_DIARIOSARAMPI_N_27062025.pdf",2025-06-27,"10_14",180,"1.64"
"https://github.com/fbranda/measles/blob/main/Americas/Mexico/bulletins/Gobierno_de_Mexico/INFORME_DIARIOSARAMPI_N_27062025.pdf",2025-06-27,"15_19",228,"2.07"
"https://github.com/fbranda/measles/blob/main/Americas/Mexico/bulletins/Gobierno_de_Mexico/INFORME_DIARIOSARAMPI_N_27062025.pdf",2025-06-27,"20_24",302,"2.78"
"https://github.com/fbranda/measles/blob/main/Americas/Mexico/bulletins/Gobierno_de_Mexico/INFORME_DIARIOSARAMPI_N_27062025.pdf",2025-06-27,"25_29",419,"3.95"
"https://github.com/fbranda/measles/blob/main/Americas/Mexico/bulletins/Gobierno_de_Mexico/INFORME_DIARIOSARAMPI_N_27062025.pdf",2025-06-27,"30_34",360,"3.45"
"https://github.com/fbranda/measles/blob/main/Americas/Mexico/bulletins/Gobierno_de_Mexico/INFORME_DIARIOSARAMPI_N_27062025.pdf",2025-06-27,"35_39",249,"2.56"
"https://github.com/fbranda/measles/blob/main/Americas/Mexico/bulletins/Gobierno_de_Mexico/INFORME_DIARIOSARAMPI_N_27062025.pdf",2025-06-27,"40_44",144,"1.63"
"https://github.com/fbranda/measles/blob/main/Americas/Mexico/bulletins/Gobierno_de_Mexico/INFORME_DIARIOSARAMPI_N_27062025.pdf",2025-06-27,"45_49",85,"1.04"
"https://github.com/fbranda/measles/blob/main/Americas/Mexico/bulletins/Gobierno_de_Mexico/INFORME_DIARIOSARAMPI_N_27062025.pdf",2025-06-27,"50_54",59,"0.77"
"https://github.com/fbranda/measles/blob/main/Americas/Mexico/bulletins/Gobierno_de_Mexico/INFORME_DIARIOSARAMPI_N_27062025.pdf",2025-06-27,"55_59",15,"0.23"
"https://github.com/fbranda/measles/blob/main/Americas/Mexico/bulletins/Gobierno_de_Mexico/INFORME_DIARIOSARAMPI_N_27062025.pdf",2025-06-27,"60_64",5,"0.09"
"https://github.com/fbranda/measles/blob/main/Americas/Mexico/bulletins/Gobierno_de_Mexico/INFORME_DIARIOSARAMPI_N_27062025.pdf",2025-06-27,"65+",3,"0.03"
"https://github.com/fbranda/measles/blob/main/Americas/Mexico/bulletins/Gobierno_de_Mexico/INFORME_DIARIOSARAMPI_N_30062025.pdf",2025-06-30,"0_4",599,"5.76"
"https://github.com/fbranda/measles/blob/main/Americas/Mexico/bulletins/Gobierno_de_Mexico/INFORME_DIARIOSARAMPI_N_30062025.pdf",2025-06-30,"5_9",249,"2.32"
"https://github.com/fbranda/measles/blob/main/Americas/Mexico/bulletins/Gobierno_de_Mexico/INFORME_DIARIOSARAMPI_N_30062025.pdf",2025-06-30,"10_14",189,"1.72"
"https://github.com/fbranda/measles/blob/main/Americas/Mexico/bulletins/Gobierno_de_Mexico/INFORME_DIARIOSARAMPI_N_30062025.pdf",2025-06-30,"15_19",231,"2.10"
"https://github.com/fbranda/measles/blob/main/Americas/Mexico/bulletins/Gobierno_de_Mexico/INFORME_DIARIOSARAMPI_N_30062025.pdf",2025-06-30,"20_24",308,"2.84"
"https://github.com/fbranda/measles/blob/main/Americas/Mexico/bulletins/Gobierno_de_Mexico/INFORME_DIARIOSARAMPI_N_30062025.pdf",2025-06-30,"25_29",423,"3.99"
"https://github.com/fbranda/measles/blob/main/Americas/Mexico/bulletins/Gobierno_de_Mexico/INFORME_DIARIOSARAMPI_N_30062025.pdf",2025-06-30,"30_34",371,"3.55"
"https://github.com/fbranda/measles/blob/main/Americas/Mexico/bulletins/Gobierno_de_Mexico/INFORME_DIARIOSARAMPI_N_30062025.pdf",2025-06-30,"35_39",254,"2.61"
"https://github.com/fbranda/measles/blob/main/Americas/Mexico/bulletins/Gobierno_de_Mexico/INFORME_DIARIOSARAMPI_N_30062025.pdf",2025-06-30,"40_44",149,"1.68"
"https://github.com/fbranda/measles/blob/main/Americas/Mexico/bulletins/Gobierno_de_Mexico/INFORME_DIARIOSARAMPI_N_30062025.pdf",2025-06-30,"45_49",86,"1.05"
"https://github.com/fbranda/measles/blob/main/Americas/Mexico/bulletins/Gobierno_de_Mexico/INFORME_DIARIOSARAMPI_N_30062025.pdf",2025-06-30,"50_54",59,"0.77"
"https://github.com/fbranda/measles/blob/main/Americas/Mexico/bulletins/Gobierno_de_Mexico/INFORME_DIARIOSARAMPI_N_30062025.pdf",2025-06-30,"55_59",16,"0.24"
"https://github.com/fbranda/measles/blob/main/Americas/Mexico/bulletins/Gobierno_de_Mexico/INFORME_DIARIOSARAMPI_N_30062025.pdf",2025-06-30,"60_64",5,"0.09"
"https://github.com/fbranda/measles/blob/main/Americas/Mexico/bulletins/Gobierno_de_Mexico/INFORME_DIARIOSARAMPI_N_30062025.pdf",2025-06-30,"65+",3,"0.03"
"https://github.com/fbranda/measles/blob/main/Americas/Mexico/bulletins/Gobierno_de_Mexico/INFORME_DIARIOSARAMPI_N_01072025.pdf",2025-07-01,"0_4",611,"5.87"
"https://github.com/fbranda/measles/blob/main/Americas/Mexico/bulletins/Gobierno_de_Mexico/INFORME_DIARIOSARAMPI_N_01072025.pdf",2025-07-01,"5_9",255,"2.37"
"https://github.com/fbranda/measles/blob/main/Americas/Mexico/bulletins/Gobierno_de_Mexico/INFORME_DIARIOSARAMPI_N_01072025.pdf",2025-07-01,"10_14",193,"1.76"
"https://github.com/fbranda/measles/blob/main/Americas/Mexico/bulletins/Gobierno_de_Mexico/INFORME_DIARIOSARAMPI_N_01072025.pdf",2025-07-01,"15_19",235,"2.14"
"https://github.com/fbranda/measles/blob/main/Americas/Mexico/bulletins/Gobierno_de_Mexico/INFORME_DIARIOSARAMPI_N_01072025.pdf",2025-07-01,"20_24",320,"2.95"
"https://github.com/fbranda/measles/blob/main/Americas/Mexico/bulletins/Gobierno_de_Mexico/INFORME_DIARIOSARAMPI_N_01072025.pdf",2025-07-01,"25_29",433,"4.08"
"https://github.com/fbranda/measles/blob/main/Americas/Mexico/bulletins/Gobierno_de_Mexico/INFORME_DIARIOSARAMPI_N_01072025.pdf",2025-07-01,"30_34",376,"3.60"
"https://github.com/fbranda/measles/blob/main/Americas/Mexico/bulletins/Gobierno_de_Mexico/INFORME_DIARIOSARAMPI_N_01072025.pdf",2025-07-01,"35_39",258,"2.65"
"https://github.com/fbranda/measles/blob/main/Americas/Mexico/bulletins/Gobierno_de_Mexico/INFORME_DIARIOSARAMPI_N_01072025.pdf",2025-07-01,"40_44",149,"1.68"
"https://github.com/fbranda/measles/blob/main/Americas/Mexico/bulletins/Gobierno_de_Mexico/INFORME_DIARIOSARAMPI_N_01072025.pdf",2025-07-01,"45_49",87,"1.06"
"https://github.com/fbranda/measles/blob/main/Americas/Mexico/bulletins/Gobierno_de_Mexico/INFORME_DIARIOSARAMPI_N_01072025.pdf",2025-07-01,"50_54",60,"0.79"
"https://github.com/fbranda/measles/blob/main/Americas/Mexico/bulletins/Gobierno_de_Mexico/INFORME_DIARIOSARAMPI_N_01072025.pdf",2025-07-01,"55_59",16,"0.24"
"https://github.com/fbranda/measles/blob/main/Americas/Mexico/bulletins/Gobierno_de_Mexico/INFORME_DIARIOSARAMPI_N_01072025.pdf",2025-07-01,"60_64",5,"0.09"
"https://github.com/fbranda/measles/blob/main/Americas/Mexico/bulletins/Gobierno_de_Mexico/INFORME_DIARIOSARAMPI_N_01072025.pdf",2025-07-01,"65+",3,"0.03"
"https://github.com/fbranda/measles/blob/main/Americas/Mexico/bulletins/Gobierno_de_Mexico/INFORME_DIARIOSARANPI_N_02072025.pdf",2025-07-02,"0_4",627,"6.03"
"https://github.com/fbranda/measles/blob/main/Americas/Mexico/bulletins/Gobierno_de_Mexico/INFORME_DIARIOSARANPI_N_02072025.pdf",2025-07-02,"5_9",258,"2.40"
"https://github.com/fbranda/measles/blob/main/Americas/Mexico/bulletins/Gobierno_de_Mexico/INFORME_DIARIOSARANPI_N_02072025.pdf",2025-07-02,"10_14",197,"1.79"
"https://github.com/fbranda/measles/blob/main/Americas/Mexico/bulletins/Gobierno_de_Mexico/INFORME_DIARIOSARANPI_N_02072025.pdf",2025-07-02,"15_19",239,"2.17"
"https://github.com/fbranda/measles/blob/main/Americas/Mexico/bulletins/Gobierno_de_Mexico/INFORME_DIARIOSARANPI_N_02072025.pdf",2025-07-02,"20_24",324,"2.98"
"https://github.com/fbranda/measles/blob/main/Americas/Mexico/bulletins/Gobierno_de_Mexico/INFORME_DIARIOSARANPI_N_02072025.pdf",2025-07-02,"25_29",439,"4.14"
"https://github.com/fbranda/measles/blob/main/Americas/Mexico/bulletins/Gobierno_de_Mexico/INFORME_DIARIOSARANPI_N_02072025.pdf",2025-07-02,"30_34",379,"3.63"
"https://github.com/fbranda/measles/blob/main/Americas/Mexico/bulletins/Gobierno_de_Mexico/INFORME_DIARIOSARANPI_N_02072025.pdf",2025-07-02,"35_39",264,"2.71"
"https://github.com/fbranda/measles/blob/main/Americas/Mexico/bulletins/Gobierno_de_Mexico/INFORME_DIARIOSARANPI_N_02072025.pdf",2025-07-02,"40_44",149,"1.68"
"https://github.com/fbranda/measles/blob/main/Americas/Mexico/bulletins/Gobierno_de_Mexico/INFORME_DIARIOSARANPI_N_02072025.pdf",2025-07-02,"45_49",87,"1.06"
"https://github.com/fbranda/measles/blob/main/Americas/Mexico/bulletins/Gobierno_de_Mexico/INFORME_DIARIOSARANPI_N_02072025.pdf",2025-07-02,"50_54",61,"0.80"
"https://github.com/fbranda/measles/blob/main/Americas/Mexico/bulletins/Gobierno_de_Mexico/INFORME_DIARIOSARANPI_N_02072025.pdf",2025-07-02,"55_59",16,"0.24"
"https://github.com/fbranda/measles/blob/main/Americas/Mexico/bulletins/Gobierno_de_Mexico/INFORME_DIARIOSARANPI_N_02072025.pdf",2025-07-02,"60_64",5,"0.09"
"https://github.com/fbranda/measles/blob/main/Americas/Mexico/bulletins/Gobierno_de_Mexico/INFORME_DIARIOSARANPI_N_02072025.pdf",2025-07-02,"65+",3,"0.03"
"https://github.com/fbranda/measles/blob/main/Americas/Mexico/bulletins/Gobierno_de_Mexico/INFORME_DIARIOSARAMPI_N_03072025.pdf",2025-07-03,"0_4",639,"6.14"
"https://github.com/fbranda/measles/blob/main/Americas/Mexico/bulletins/Gobierno_de_Mexico/INFORME_DIARIOSARAMPI_N_03072025.pdf",2025-07-03,"5_9",258,"2.40"
"https://github.com/fbranda/measles/blob/main/Americas/Mexico/bulletins/Gobierno_de_Mexico/INFORME_DIARIOSARAMPI_N_03072025.pdf",2025-07-03,"10_14",198,"1.80"
"https://github.com/fbranda/measles/blob/main/Americas/Mexico/bulletins/Gobierno_de_Mexico/INFORME_DIARIOSARAMPI_N_03072025.pdf",2025-07-03,"15_19",242,"2.20"
"https://github.com/fbranda/measles/blob/main/Americas/Mexico/bulletins/Gobierno_de_Mexico/INFORME_DIARIOSARAMPI_N_03072025.pdf",2025-07-03,"20_24",326,"3.00"
"https://github.com/fbranda/measles/blob/main/Americas/Mexico/bulletins/Gobierno_de_Mexico/INFORME_DIARIOSARAMPI_N_03072025.pdf",2025-07-03,"25_29",443,"4.18"
"https://github.com/fbranda/measles/blob/main/Americas/Mexico/bulletins/Gobierno_de_Mexico/INFORME_DIARIOSARAMPI_N_03072025.pdf",2025-07-03,"30_34",383,"3.67"
"https://github.com/fbranda/measles/blob/main/Americas/Mexico/bulletins/Gobierno_de_Mexico/INFORME_DIARIOSARAMPI_N_03072025.pdf",2025-07-03,"35_39",264,"2.71"
"https://github.com/fbranda/measles/blob/main/Americas/Mexico/bulletins/Gobierno_de_Mexico/INFORME_DIARIOSARAMPI_N_03072025.pdf",2025-07-03,"40_44",149,"1.68"
"https://github.com/fbranda/measles/blob/main/Americas/Mexico/bulletins/Gobierno_de_Mexico/INFORME_DIARIOSARAMPI_N_03072025.pdf",2025-07-03,"45_49",87,"1.06"
"https://github.com/fbranda/measles/blob/main/Americas/Mexico/bulletins/Gobierno_de_Mexico/INFORME_DIARIOSARAMPI_N_03072025.pdf",2025-07-03,"50_54",62,"0.81"
"https://github.com/fbranda/measles/blob/main/Americas/Mexico/bulletins/Gobierno_de_Mexico/INFORME_DIARIOSARAMPI_N_03072025.pdf",2025-07-03,"55_59",16,"0.24"
"https://github.com/fbranda/measles/blob/main/Americas/Mexico/bulletins/Gobierno_de_Mexico/INFORME_DIARIOSARAMPI_N_03072025.pdf",2025-07-03,"60_64",5,"0.09"
"https://github.com/fbranda/measles/blob/main/Americas/Mexico/bulletins/Gobierno_de_Mexico/INFORME_DIARIOSARAMPI_N_03072025.pdf",2025-07-03,"65+",3,"0.03"
"https://github.com/fbranda/measles/blob/main/Americas/Mexico/bulletins/Gobierno_de_Mexico/INFORME_DIARIOSARAMPI_N_04072025.pdf",2025-07-04,"0_4",642,"6.17"
"https://github.com/fbranda/measles/blob/main/Americas/Mexico/bulletins/Gobierno_de_Mexico/INFORME_DIARIOSARAMPI_N_04072025.pdf",2025-07-04,"5_9",261,"2.43"
"https://github.com/fbranda/measles/blob/main/Americas/Mexico/bulletins/Gobierno_de_Mexico/INFORME_DIARIOSARAMPI_N_04072025.pdf",2025-07-04,"10_14",200,"1.82"
"https://github.com/fbranda/measles/blob/main/Americas/Mexico/bulletins/Gobierno_de_Mexico/INFORME_DIARIOSARAMPI_N_04072025.pdf",2025-07-04,"15_19",242,"2.20"
"https://github.com/fbranda/measles/blob/main/Americas/Mexico/bulletins/Gobierno_de_Mexico/INFORME_DIARIOSARAMPI_N_04072025.pdf",2025-07-04,"20_24",328,"3.02"
"https://github.com/fbranda/measles/blob/main/Americas/Mexico/bulletins/Gobierno_de_Mexico/INFORME_DIARIOSARAMPI_N_04072025.pdf",2025-07-04,"25_29",444,"4.19"
"https://github.com/fbranda/measles/blob/main/Americas/Mexico/bulletins/Gobierno_de_Mexico/INFORME_DIARIOSARAMPI_N_04072025.pdf",2025-07-04,"30_34",385,"3.69"
"https://github.com/fbranda/measles/blob/main/Americas/Mexico/bulletins/Gobierno_de_Mexico/INFORME_DIARIOSARAMPI_N_04072025.pdf",2025-07-04,"35_39",268,"2.75"
"https://github.com/fbranda/measles/blob/main/Americas/Mexico/bulletins/Gobierno_de_Mexico/INFORME_DIARIOSARAMPI_N_04072025.pdf",2025-07-04,"40_44",150,"1.70"
"https://github.com/fbranda/measles/blob/main/Americas/Mexico/bulletins/Gobierno_de_Mexico/INFORME_DIARIOSARAMPI_N_04072025.pdf",2025-07-04,"45_49",87,"1.06"
"https://github.com/fbranda/measles/blob/main/Americas/Mexico/bulletins/Gobierno_de_Mexico/INFORME_DIARIOSARAMPI_N_04072025.pdf",2025-07-04,"50_54",64,"0.84"
"https://github.com/fbranda/measles/blob/main/Americas/Mexico/bulletins/Gobierno_de_Mexico/INFORME_DIARIOSARAMPI_N_04072025.pdf",2025-07-04,"55_59",16,"0.24"
"https://github.com/fbranda/measles/blob/main/Americas/Mexico/bulletins/Gobierno_de_Mexico/INFORME_DIARIOSARAMPI_N_04072025.pdf",2025-07-04,"60_64",5,"0.09"
"https://github.com/fbranda/measles/blob/main/Americas/Mexico/bulletins/Gobierno_de_Mexico/INFORME_DIARIOSARAMPI_N_04072025.pdf",2025-07-04,"65+",3,"0.03"
"https://github.com/fbranda/measles/blob/main/Americas/Mexico/bulletins/Gobierno_de_Mexico/INFORME_DIARIO_SARAMPION_20250708.pdf",2025-07-08,"0_4",664,"6.38"
"https://github.com/fbranda/measles/blob/main/Americas/Mexico/bulletins/Gobierno_de_Mexico/INFORME_DIARIO_SARAMPION_20250708.pdf",2025-07-08,"5_9",270,"2.51"
"https://github.com/fbranda/measles/blob/main/Americas/Mexico/bulletins/Gobierno_de_Mexico/INFORME_DIARIO_SARAMPION_20250708.pdf",2025-07-08,"10_14",206,"1.88"
"https://github.com/fbranda/measles/blob/main/Americas/Mexico/bulletins/Gobierno_de_Mexico/INFORME_DIARIO_SARAMPION_20250708.pdf",2025-07-08,"15_19",250,"2.27"
"https://github.com/fbranda/measles/blob/main/Americas/Mexico/bulletins/Gobierno_de_Mexico/INFORME_DIARIO_SARAMPION_20250708.pdf",2025-07-08,"20_24",333,"3.07"
"https://github.com/fbranda/measles/blob/main/Americas/Mexico/bulletins/Gobierno_de_Mexico/INFORME_DIARIO_SARAMPION_20250708.pdf",2025-07-08,"25_29",451,"4.25"
"https://github.com/fbranda/measles/blob/main/Americas/Mexico/bulletins/Gobierno_de_Mexico/INFORME_DIARIO_SARAMPION_20250708.pdf",2025-07-08,"30_34",388,"3.72"
"https://github.com/fbranda/measles/blob/main/Americas/Mexico/bulletins/Gobierno_de_Mexico/INFORME_DIARIO_SARAMPION_20250708.pdf",2025-07-08,"35_39",274,"2.81"
"https://github.com/fbranda/measles/blob/main/Americas/Mexico/bulletins/Gobierno_de_Mexico/INFORME_DIARIO_SARAMPION_20250708.pdf",2025-07-08,"40_44",157,"1.77"
"https://github.com/fbranda/measles/blob/main/Americas/Mexico/bulletins/Gobierno_de_Mexico/INFORME_DIARIO_SARAMPION_20250708.pdf",2025-07-08,"45_49",90,"1.10"
"https://github.com/fbranda/measles/blob/main/Americas/Mexico/bulletins/Gobierno_de_Mexico/INFORME_DIARIO_SARAMPION_20250708.pdf",2025-07-08,"50_54",64,"0.84"
"https://github.com/fbranda/measles/blob/main/Americas/Mexico/bulletins/Gobierno_de_Mexico/INFORME_DIARIO_SARAMPION_20250708.pdf",2025-07-08,"55_59",16,"0.24"
"https://github.com/fbranda/measles/blob/main/Americas/Mexico/bulletins/Gobierno_de_Mexico/INFORME_DIARIO_SARAMPION_20250708.pdf",2025-07-08,"60_64",5,"0.09"
"https://github.com/fbranda/measles/blob/main/Americas/Mexico/bulletins/Gobierno_de_Mexico/INFORME_DIARIO_SARAMPION_20250708.pdf",2025-07-08,"65+",3,"0.03"
"https://github.com/fbranda/measles/blob/main/Americas/Mexico/bulletins/Gobierno_de_Mexico/INFORME_DIARIO_09072025.pdf",2025-07-09,"0_4",680,"6.54"
"https://github.com/fbranda/measles/blob/main/Americas/Mexico/bulletins/Gobierno_de_Mexico/INFORME_DIARIO_09072025.pdf",2025-07-09,"5_9",273,"2.54"
"https://github.com/fbranda/measles/blob/main/Americas/Mexico/bulletins/Gobierno_de_Mexico/INFORME_DIARIO_09072025.pdf",2025-07-09,"10_14",209,"1.90"
"https://github.com/fbranda/measles/blob/main/Americas/Mexico/bulletins/Gobierno_de_Mexico/INFORME_DIARIO_09072025.pdf",2025-07-09,"15_19",254,"2.31"
"https://github.com/fbranda/measles/blob/main/Americas/Mexico/bulletins/Gobierno_de_Mexico/INFORME_DIARIO_09072025.pdf",2025-07-09,"20_24",340,"3.13"
"https://github.com/fbranda/measles/blob/main/Americas/Mexico/bulletins/Gobierno_de_Mexico/INFORME_DIARIO_09072025.pdf",2025-07-09,"25_29",455,"4.29"
"https://github.com/fbranda/measles/blob/main/Americas/Mexico/bulletins/Gobierno_de_Mexico/INFORME_DIARIO_09072025.pdf",2025-07-09,"30_34",391,"3.75"
"https://github.com/fbranda/measles/blob/main/Americas/Mexico/bulletins/Gobierno_de_Mexico/INFORME_DIARIO_09072025.pdf",2025-07-09,"35_39",275,"2.83"
"https://github.com/fbranda/measles/blob/main/Americas/Mexico/bulletins/Gobierno_de_Mexico/INFORME_DIARIO_09072025.pdf",2025-07-09,"40_44",160,"1.81"
"https://github.com/fbranda/measles/blob/main/Americas/Mexico/bulletins/Gobierno_de_Mexico/INFORME_DIARIO_09072025.pdf",2025-07-09,"45_49",90,"1.10"
"https://github.com/fbranda/measles/blob/main/Americas/Mexico/bulletins/Gobierno_de_Mexico/INFORME_DIARIO_09072025.pdf",2025-07-09,"50_54",64,"0.84"
"https://github.com/fbranda/measles/blob/main/Americas/Mexico/bulletins/Gobierno_de_Mexico/INFORME_DIARIO_09072025.pdf",2025-07-09,"55_59",17,"0.26"
"https://github.com/fbranda/measles/blob/main/Americas/Mexico/bulletins/Gobierno_de_Mexico/INFORME_DIARIO_09072025.pdf",2025-07-09,"60_64",5,"0.09"
"https://github.com/fbranda/measles/blob/main/Americas/Mexico/bulletins/Gobierno_de_Mexico/INFORME_DIARIO_09072025.pdf",2025-07-09,"65+",3,"0.03"
"https://github.com/fbranda/measles/blob/main/Americas/Mexico/bulletins/Gobierno_de_Mexico/INFORME_DIARIO_SARAMPION_20250710.pdf",2025-07-10,"0_4",693,"6.66"
"https://github.com/fbranda/measles/blob/main/Americas/Mexico/bulletins/Gobierno_de_Mexico/INFORME_DIARIO_SARAMPION_20250710.pdf",2025-07-10,"5_9",276,"2.57"
"https://github.com/fbranda/measles/blob/main/Americas/Mexico/bulletins/Gobierno_de_Mexico/INFORME_DIARIO_SARAMPION_20250710.pdf",2025-07-10,"10_14",213,"1.94"
"https://github.com/fbranda/measles/blob/main/Americas/Mexico/bulletins/Gobierno_de_Mexico/INFORME_DIARIO_SARAMPION_20250710.pdf",2025-07-10,"15_19",262,"2.38"
"https://github.com/fbranda/measles/blob/main/Americas/Mexico/bulletins/Gobierno_de_Mexico/INFORME_DIARIO_SARAMPION_20250710.pdf",2025-07-10,"20_24",345,"3.18"
"https://github.com/fbranda/measles/blob/main/Americas/Mexico/bulletins/Gobierno_de_Mexico/INFORME_DIARIO_SARAMPION_20250710.pdf",2025-07-10,"25_29",463,"4.37"
"https://github.com/fbranda/measles/blob/main/Americas/Mexico/bulletins/Gobierno_de_Mexico/INFORME_DIARIO_SARAMPION_20250710.pdf",2025-07-10,"30_34",392,"3.76"
"https://github.com/fbranda/measles/blob/main/Americas/Mexico/bulletins/Gobierno_de_Mexico/INFORME_DIARIO_SARAMPION_20250710.pdf",2025-07-10,"35_39",277,"2.85"
"https://github.com/fbranda/measles/blob/main/Americas/Mexico/bulletins/Gobierno_de_Mexico/INFORME_DIARIO_SARAMPION_20250710.pdf",2025-07-10,"40_44",161,"1.82"
"https://github.com/fbranda/measles/blob/main/Americas/Mexico/bulletins/Gobierno_de_Mexico/INFORME_DIARIO_SARAMPION_20250710.pdf",2025-07-10,"45_49",90,"1.10"
"https://github.com/fbranda/measles/blob/main/Americas/Mexico/bulletins/Gobierno_de_Mexico/INFORME_DIARIO_SARAMPION_20250710.pdf",2025-07-10,"50_54",64,"0.84"
"https://github.com/fbranda/measles/blob/main/Americas/Mexico/bulletins/Gobierno_de_Mexico/INFORME_DIARIO_SARAMPION_20250710.pdf",2025-07-10,"55_59",17,"0.26"
"https://github.com/fbranda/measles/blob/main/Americas/Mexico/bulletins/Gobierno_de_Mexico/INFORME_DIARIO_SARAMPION_20250710.pdf",2025-07-10,"60_64",5,"0.09"
"https://github.com/fbranda/measles/blob/main/Americas/Mexico/bulletins/Gobierno_de_Mexico/INFORME_DIARIO_SARAMPION_20250710.pdf",2025-07-10,"65+",3,"0.03"
"https://github.com/fbranda/measles/blob/main/Americas/Mexico/bulletins/Gobierno_de_Mexico/INFORME_DIARIO_SARAMPION_20250711.pdf",2025-07-11,"0_4",693,"6.66"
"https://github.com/fbranda/measles/blob/main/Americas/Mexico/bulletins/Gobierno_de_Mexico/INFORME_DIARIO_SARAMPION_20250711.pdf",2025-07-11,"5_9",277,"2.58"
"https://github.com/fbranda/measles/blob/main/Americas/Mexico/bulletins/Gobierno_de_Mexico/INFORME_DIARIO_SARAMPION_20250711.pdf",2025-07-11,"10_14",213,"1.94"
"https://github.com/fbranda/measles/blob/main/Americas/Mexico/bulletins/Gobierno_de_Mexico/INFORME_DIARIO_SARAMPION_20250711.pdf",2025-07-11,"15_19",262,"2.38"
"https://github.com/fbranda/measles/blob/main/Americas/Mexico/bulletins/Gobierno_de_Mexico/INFORME_DIARIO_SARAMPION_20250711.pdf",2025-07-11,"20_24",348,"3.21"
"https://github.com/fbranda/measles/blob/main/Americas/Mexico/bulletins/Gobierno_de_Mexico/INFORME_DIARIO_SARAMPION_20250711.pdf",2025-07-11,"25_29",463,"4.37"
"https://github.com/fbranda/measles/blob/main/Americas/Mexico/bulletins/Gobierno_de_Mexico/INFORME_DIARIO_SARAMPION_20250711.pdf",2025-07-11,"30_34",393,"3.76"
"https://github.com/fbranda/measles/blob/main/Americas/Mexico/bulletins/Gobierno_de_Mexico/INFORME_DIARIO_SARAMPION_20250711.pdf",2025-07-11,"35_39",277,"2.85"
"https://github.com/fbranda/measles/blob/main/Americas/Mexico/bulletins/Gobierno_de_Mexico/INFORME_DIARIO_SARAMPION_20250711.pdf",2025-07-11,"40_44",162,"1.83"
"https://github.com/fbranda/measles/blob/main/Americas/Mexico/bulletins/Gobierno_de_Mexico/INFORME_DIARIO_SARAMPION_20250711.pdf",2025-07-11,"45_49",90,"1.10"
"https://github.com/fbranda/measles/blob/main/Americas/Mexico/bulletins/Gobierno_de_Mexico/INFORME_DIARIO_SARAMPION_20250711.pdf",2025-07-11,"50_54",65,"0.85"
"https://github.com/fbranda/measles/blob/main/Americas/Mexico/bulletins/Gobierno_de_Mexico/INFORME_DIARIO_SARAMPION_20250711.pdf",2025-07-11,"55_59",17,"0.26"
"https://github.com/fbranda/measles/blob/main/Americas/Mexico/bulletins/Gobierno_de_Mexico/INFORME_DIARIO_SARAMPION_20250711.pdf",2025-07-11,"60_64",5,"0.09"
"https://github.com/fbranda/measles/blob/main/Americas/Mexico/bulletins/Gobierno_de_Mexico/INFORME_DIARIO_SARAMPION_20250711.pdf",2025-07-11,"65+",3,"0.03"
