"source","data","state_name","cases_count"
"https://github.com/fbranda/measles/blob/main/USA/bulletins/Yale%20VMOC%20Special%20Report%20-%20Measles%20Outbreak/yalevmocspecialreport-measlesoutbreaksouthwestus3-30-2025finalv2-250331134434-8c92ea20.pdf",2025-03-30,"Ontario",572
"https://github.com/fbranda/measles/blob/main/USA/bulletins/Yale%20VMOC%20Special%20Report%20-%20Measles%20Outbreak/yalevmocspecialreport-measlesoutbreaksouthwestus3-30-2025finalv2-250331134434-8c92ea20.pdf",2025-03-30,"Alberta",21
"https://github.com/fbranda/measles/blob/main/USA/bulletins/Yale%20VMOC%20Special%20Report%20-%20Measles%20Outbreak/yalevmocspecialreport-measlesoutbreaksouthwestus3-30-2025finalv2-250331134434-8c92ea20.pdf",2025-03-30,"Manitoba",6
"https://github.com/fbranda/measles/blob/main/USA/bulletins/Yale%20VMOC%20Special%20Report%20-%20Measles%20Outbreak/yalevmocspecialreport-measlesoutbreaksouthwestus3-30-2025finalv2-250331134434-8c92ea20.pdf",2025-03-30,"British Columbia",5
"https://github.com/fbranda/measles/blob/main/USA/bulletins/Yale%20VMOC%20Special%20Report%20-%20Measles%20Outbreak/yalevmocspecialreport-measlesoutbreaksouthwestus3-30-2025finalv2-250331134434-8c92ea20.pdf",2025-03-30,"Saskatchewan",3
"https://github.com/fbranda/measles/blob/main/USA/bulletins/Yale%20VMOC%20Special%20Report%20-%20Measles%20Outbreak/yalevmocspecialreport-measlesoutbreaksouthwestus3-30-2025finalv2-250331134434-8c92ea20.pdf",2025-03-30,"Quebec",40
"https://github.com/fbranda/measles/blob/main/USA/bulletins/Yale%20VMOC%20Special%20Report%20-%20Measles%20Outbreak/Ysph_Vmoc_Special_Report_Measles_Outbreak_Southwest_Us_4_12_2025_2300_Hrs_Vers2_Read_Only.pdf",2025-04-12,"Ontario",816
"https://github.com/fbranda/measles/blob/main/USA/bulletins/Yale%20VMOC%20Special%20Report%20-%20Measles%20Outbreak/Ysph_Vmoc_Special_Report_Measles_Outbreak_Southwest_Us_4_12_2025_2300_Hrs_Vers2_Read_Only.pdf",2025-04-12,"Alberta",50
"https://github.com/fbranda/measles/blob/main/USA/bulletins/Yale%20VMOC%20Special%20Report%20-%20Measles%20Outbreak/Ysph_Vmoc_Special_Report_Measles_Outbreak_Southwest_Us_4_12_2025_2300_Hrs_Vers2_Read_Only.pdf",2025-04-12,"Manitoba",10
"https://github.com/fbranda/measles/blob/main/USA/bulletins/Yale%20VMOC%20Special%20Report%20-%20Measles%20Outbreak/Ysph_Vmoc_Special_Report_Measles_Outbreak_Southwest_Us_4_12_2025_2300_Hrs_Vers2_Read_Only.pdf",2025-04-12,"British Columbia",5
"https://github.com/fbranda/measles/blob/main/USA/bulletins/Yale%20VMOC%20Special%20Report%20-%20Measles%20Outbreak/Ysph_Vmoc_Special_Report_Measles_Outbreak_Southwest_Us_4_12_2025_2300_Hrs_Vers2_Read_Only.pdf",2025-04-12,"Saskatchewan",6
"https://github.com/fbranda/measles/blob/main/USA/bulletins/Yale%20VMOC%20Special%20Report%20-%20Measles%20Outbreak/Ysph_Vmoc_Special_Report_Measles_Outbreak_Southwest_Us_4_12_2025_2300_Hrs_Vers2_Read_Only.pdf",2025-04-12,"Quebec",40
"https://github.com/fbranda/measles/blob/main/USA/bulletins/Yale%20VMOC%20Special%20Report%20-%20Measles%20Outbreak/Ysph_Vmoc_Special_Report_Measles_Outbreak_Southwest_Us_4_12_2025_2300_Hrs_Vers2_Read_Only.pdf",2025-04-12,"Prince Prince Edward Island",2
"https://github.com/fbranda/measles/blob/main/USA/bulletins/Yale%20VMOC%20Special%20Report%20-%20Measles%20Outbreak/ysphvmocspecialreport-measlesoutbreaksouthwestus4-23-2025-250424154604-9c982625.pdf",2025-04-23,"Ontario",925
"https://github.com/fbranda/measles/blob/main/USA/bulletins/Yale%20VMOC%20Special%20Report%20-%20Measles%20Outbreak/ysphvmocspecialreport-measlesoutbreaksouthwestus4-23-2025-250424154604-9c982625.pdf",2025-04-23,"Alberta",118
"https://github.com/fbranda/measles/blob/main/USA/bulletins/Yale%20VMOC%20Special%20Report%20-%20Measles%20Outbreak/ysphvmocspecialreport-measlesoutbreaksouthwestus4-23-2025-250424154604-9c982625.pdf",2025-04-23,"Manitoba",10
"https://github.com/fbranda/measles/blob/main/USA/bulletins/Yale%20VMOC%20Special%20Report%20-%20Measles%20Outbreak/ysphvmocspecialreport-measlesoutbreaksouthwestus4-23-2025-250424154604-9c982625.pdf",2025-04-23,"British Columbia",5
"https://github.com/fbranda/measles/blob/main/USA/bulletins/Yale%20VMOC%20Special%20Report%20-%20Measles%20Outbreak/ysphvmocspecialreport-measlesoutbreaksouthwestus4-23-2025-250424154604-9c982625.pdf",2025-04-23,"Saskatchewan",8
"https://github.com/fbranda/measles/blob/main/USA/bulletins/Yale%20VMOC%20Special%20Report%20-%20Measles%20Outbreak/ysphvmocspecialreport-measlesoutbreaksouthwestus4-23-2025-250424154604-9c982625.pdf",2025-04-23,"Quebec",40
"https://github.com/fbranda/measles/blob/main/USA/bulletins/Yale%20VMOC%20Special%20Report%20-%20Measles%20Outbreak/ysphvmocspecialreport-measlesoutbreaksouthwestus4-23-2025-250424154604-9c982625.pdf",2025-04-23,"Prince Prince Edward Island",2
"https://github.com/fbranda/measles/blob/main/USA/bulletins/Yale%20VMOC%20Special%20Report%20-%20Measles%20Outbreak/ysphvmocspecialreport-measlesoutbreaksouthwestus4-26-2025-250427062639-014488c8.pdf",2025-04-26,"Ontario",1020
"https://github.com/fbranda/measles/blob/main/USA/bulletins/Yale%20VMOC%20Special%20Report%20-%20Measles%20Outbreak/ysphvmocspecialreport-measlesoutbreaksouthwestus4-26-2025-250427062639-014488c8.pdf",2025-04-26,"Alberta",137
"https://github.com/fbranda/measles/blob/main/USA/bulletins/Yale%20VMOC%20Special%20Report%20-%20Measles%20Outbreak/ysphvmocspecialreport-measlesoutbreaksouthwestus4-26-2025-250427062639-014488c8.pdf",2025-04-26,"Manitoba",10
"https://github.com/fbranda/measles/blob/main/USA/bulletins/Yale%20VMOC%20Special%20Report%20-%20Measles%20Outbreak/ysphvmocspecialreport-measlesoutbreaksouthwestus4-26-2025-250427062639-014488c8.pdf",2025-04-26,"British Columbia",5
"https://github.com/fbranda/measles/blob/main/USA/bulletins/Yale%20VMOC%20Special%20Report%20-%20Measles%20Outbreak/ysphvmocspecialreport-measlesoutbreaksouthwestus4-26-2025-250427062639-014488c8.pdf",2025-04-26,"Saskatchewan",10
"https://github.com/fbranda/measles/blob/main/USA/bulletins/Yale%20VMOC%20Special%20Report%20-%20Measles%20Outbreak/ysphvmocspecialreport-measlesoutbreaksouthwestus4-26-2025-250427062639-014488c8.pdf",2025-04-26,"Quebec",40
"https://github.com/fbranda/measles/blob/main/USA/bulletins/Yale%20VMOC%20Special%20Report%20-%20Measles%20Outbreak/ysphvmocspecialreport-measlesoutbreaksouthwestus4-26-2025-250427062639-014488c8.pdf",2025-04-26,"Prince Prince Edward Island",2
"https://github.com/fbranda/measles/blob/main/USA/bulletins/Yale%20VMOC%20Special%20Report%20-%20Measles%20Outbreak/ysphvmocspecialreport-measlesoutbreaksouthwestus4-30-2025-250501134802-4ad71097.pdf",2025-04-30,"Ontario",1020
"https://github.com/fbranda/measles/blob/main/USA/bulletins/Yale%20VMOC%20Special%20Report%20-%20Measles%20Outbreak/ysphvmocspecialreport-measlesoutbreaksouthwestus4-30-2025-250501134802-4ad71097.pdf",2025-04-30,"Alberta",170
"https://github.com/fbranda/measles/blob/main/USA/bulletins/Yale%20VMOC%20Special%20Report%20-%20Measles%20Outbreak/ysphvmocspecialreport-measlesoutbreaksouthwestus4-30-2025-250501134802-4ad71097.pdf",2025-04-30,"Manitoba",13
"https://github.com/fbranda/measles/blob/main/USA/bulletins/Yale%20VMOC%20Special%20Report%20-%20Measles%20Outbreak/ysphvmocspecialreport-measlesoutbreaksouthwestus4-30-2025-250501134802-4ad71097.pdf",2025-04-30,"British Columbia",6
"https://github.com/fbranda/measles/blob/main/USA/bulletins/Yale%20VMOC%20Special%20Report%20-%20Measles%20Outbreak/ysphvmocspecialreport-measlesoutbreaksouthwestus4-30-2025-250501134802-4ad71097.pdf",2025-04-30,"Saskatchewan",10
"https://github.com/fbranda/measles/blob/main/USA/bulletins/Yale%20VMOC%20Special%20Report%20-%20Measles%20Outbreak/ysphvmocspecialreport-measlesoutbreaksouthwestus4-30-2025-250501134802-4ad71097.pdf",2025-04-30,"Quebec",40
"https://github.com/fbranda/measles/blob/main/USA/bulletins/Yale%20VMOC%20Special%20Report%20-%20Measles%20Outbreak/ysphvmocspecialreport-measlesoutbreaksouthwestus4-30-2025-250501134802-4ad71097.pdf",2025-04-30,"Prince Prince Edward Island",2
"https://github.com/fbranda/measles/blob/main/USA/bulletins/Yale%20VMOC%20Special%20Report%20-%20Measles%20Outbreak/ysphvmocspecialreport-measlesoutbreaksouthwestus5-3-2025-250504043534-4e4acb03.pdf",2025-05-03,"Ontario",1246
"https://github.com/fbranda/measles/blob/main/USA/bulletins/Yale%20VMOC%20Special%20Report%20-%20Measles%20Outbreak/ysphvmocspecialreport-measlesoutbreaksouthwestus5-3-2025-250504043534-4e4acb03.pdf",2025-05-03,"Alberta",210
"https://github.com/fbranda/measles/blob/main/USA/bulletins/Yale%20VMOC%20Special%20Report%20-%20Measles%20Outbreak/ysphvmocspecialreport-measlesoutbreaksouthwestus5-3-2025-250504043534-4e4acb03.pdf",2025-05-03,"Manitoba",14
"https://github.com/fbranda/measles/blob/main/USA/bulletins/Yale%20VMOC%20Special%20Report%20-%20Measles%20Outbreak/ysphvmocspecialreport-measlesoutbreaksouthwestus5-3-2025-250504043534-4e4acb03.pdf",2025-05-03,"British Columbia",7
"https://github.com/fbranda/measles/blob/main/USA/bulletins/Yale%20VMOC%20Special%20Report%20-%20Measles%20Outbreak/ysphvmocspecialreport-measlesoutbreaksouthwestus5-3-2025-250504043534-4e4acb03.pdf",2025-05-03,"Saskatchewan",12
"https://github.com/fbranda/measles/blob/main/USA/bulletins/Yale%20VMOC%20Special%20Report%20-%20Measles%20Outbreak/ysphvmocspecialreport-measlesoutbreaksouthwestus5-3-2025-250504043534-4e4acb03.pdf",2025-05-03,"Quebec",40
"https://github.com/fbranda/measles/blob/main/USA/bulletins/Yale%20VMOC%20Special%20Report%20-%20Measles%20Outbreak/ysphvmocspecialreport-measlesoutbreaksouthwestus5-3-2025-250504043534-4e4acb03.pdf",2025-05-03,"Prince Prince Edward Island",2
"https://github.com/fbranda/measles/blob/main/USA/bulletins/Yale%20VMOC%20Special%20Report%20-%20Measles%20Outbreak/ysphvmocspecialreport-measlesoutbreaksouthwestus5-7-2025ver1-250515161438-31ed14fc.pdf",2025-05-07,"Ontario",1440
"https://github.com/fbranda/measles/blob/main/USA/bulletins/Yale%20VMOC%20Special%20Report%20-%20Measles%20Outbreak/ysphvmocspecialreport-measlesoutbreaksouthwestus5-7-2025ver1-250515161438-31ed14fc.pdf",2025-05-07,"Alberta",313
"https://github.com/fbranda/measles/blob/main/USA/bulletins/Yale%20VMOC%20Special%20Report%20-%20Measles%20Outbreak/ysphvmocspecialreport-measlesoutbreaksouthwestus5-7-2025ver1-250515161438-31ed14fc.pdf",2025-05-07,"Manitoba",24
"https://github.com/fbranda/measles/blob/main/USA/bulletins/Yale%20VMOC%20Special%20Report%20-%20Measles%20Outbreak/ysphvmocspecialreport-measlesoutbreaksouthwestus5-7-2025ver1-250515161438-31ed14fc.pdf",2025-05-07,"British Columbia",8
"https://github.com/fbranda/measles/blob/main/USA/bulletins/Yale%20VMOC%20Special%20Report%20-%20Measles%20Outbreak/ysphvmocspecialreport-measlesoutbreaksouthwestus5-7-2025ver1-250515161438-31ed14fc.pdf",2025-05-07,"Saskatchewan",27
"https://github.com/fbranda/measles/blob/main/USA/bulletins/Yale%20VMOC%20Special%20Report%20-%20Measles%20Outbreak/ysphvmocspecialreport-measlesoutbreaksouthwestus5-7-2025ver1-250515161438-31ed14fc.pdf",2025-05-07,"Quebec",40
"https://github.com/fbranda/measles/blob/main/USA/bulletins/Yale%20VMOC%20Special%20Report%20-%20Measles%20Outbreak/ysphvmocspecialreport-measlesoutbreaksouthwestus5-7-2025ver1-250515161438-31ed14fc.pdf",2025-05-07,"Prince Prince Edward Island",2
"https://github.com/fbranda/measles/blob/main/USA/bulletins/Yale%20VMOC%20Special%20Report%20-%20Measles%20Outbreak/ysphvmocspecialreport-measlesoutbreaksouthwestus5-10-2025-250515161946-f4b5dd43.pdf",2025-05-10,"Ontario",1440
"https://github.com/fbranda/measles/blob/main/USA/bulletins/Yale%20VMOC%20Special%20Report%20-%20Measles%20Outbreak/ysphvmocspecialreport-measlesoutbreaksouthwestus5-10-2025-250515161946-f4b5dd43.pdf",2025-05-10,"Alberta",326
"https://github.com/fbranda/measles/blob/main/USA/bulletins/Yale%20VMOC%20Special%20Report%20-%20Measles%20Outbreak/ysphvmocspecialreport-measlesoutbreaksouthwestus5-10-2025-250515161946-f4b5dd43.pdf",2025-05-10,"Manitoba",24
"https://github.com/fbranda/measles/blob/main/USA/bulletins/Yale%20VMOC%20Special%20Report%20-%20Measles%20Outbreak/ysphvmocspecialreport-measlesoutbreaksouthwestus5-10-2025-250515161946-f4b5dd43.pdf",2025-05-10,"British Columbia",8
"https://github.com/fbranda/measles/blob/main/USA/bulletins/Yale%20VMOC%20Special%20Report%20-%20Measles%20Outbreak/ysphvmocspecialreport-measlesoutbreaksouthwestus5-10-2025-250515161946-f4b5dd43.pdf",2025-05-10,"Saskatchewan",27
"https://github.com/fbranda/measles/blob/main/USA/bulletins/Yale%20VMOC%20Special%20Report%20-%20Measles%20Outbreak/ysphvmocspecialreport-measlesoutbreaksouthwestus5-10-2025-250515161946-f4b5dd43.pdf",2025-05-10,"Quebec",40
"https://github.com/fbranda/measles/blob/main/USA/bulletins/Yale%20VMOC%20Special%20Report%20-%20Measles%20Outbreak/ysphvmocspecialreport-measlesoutbreaksouthwestus5-10-2025-250515161946-f4b5dd43.pdf",2025-05-10,"Prince Prince Edward Island",2
"https://github.com/fbranda/measles/blob/main/USA/bulletins/Yale%20VMOC%20Special%20Report%20-%20Measles%20Outbreak/ysphvmocspecialreport-measlesoutbreaksouthwestus5-14-2025-250515162314-0fee1888.pdf",2025-05-14,"Ontario",1440
"https://github.com/fbranda/measles/blob/main/USA/bulletins/Yale%20VMOC%20Special%20Report%20-%20Measles%20Outbreak/ysphvmocspecialreport-measlesoutbreaksouthwestus5-14-2025-250515162314-0fee1888.pdf",2025-05-14,"Alberta",395
"https://github.com/fbranda/measles/blob/main/USA/bulletins/Yale%20VMOC%20Special%20Report%20-%20Measles%20Outbreak/ysphvmocspecialreport-measlesoutbreaksouthwestus5-14-2025-250515162314-0fee1888.pdf",2025-05-14,"Manitoba",48
"https://github.com/fbranda/measles/blob/main/USA/bulletins/Yale%20VMOC%20Special%20Report%20-%20Measles%20Outbreak/ysphvmocspecialreport-measlesoutbreaksouthwestus5-14-2025-250515162314-0fee1888.pdf",2025-05-14,"British Columbia",8
"https://github.com/fbranda/measles/blob/main/USA/bulletins/Yale%20VMOC%20Special%20Report%20-%20Measles%20Outbreak/ysphvmocspecialreport-measlesoutbreaksouthwestus5-14-2025-250515162314-0fee1888.pdf",2025-05-14,"Saskatchewan",27
"https://github.com/fbranda/measles/blob/main/USA/bulletins/Yale%20VMOC%20Special%20Report%20-%20Measles%20Outbreak/ysphvmocspecialreport-measlesoutbreaksouthwestus5-14-2025-250515162314-0fee1888.pdf",2025-05-14,"Quebec",40
"https://github.com/fbranda/measles/blob/main/USA/bulletins/Yale%20VMOC%20Special%20Report%20-%20Measles%20Outbreak/ysphvmocspecialreport-measlesoutbreaksouthwestus5-14-2025-250515162314-0fee1888.pdf",2025-05-14,"Prince Prince Edward Island",2
"https://github.com/fbranda/measles/blob/main/USA/bulletins/Yale%20VMOC%20Special%20Report%20-%20Measles%20Outbreak/ysphvmocspecialreport-measlesoutbreaksouthwestus5-17-2025-250518160129-e8f3f91a.pdf",2025-05-17,"Ontario",1622
"https://github.com/fbranda/measles/blob/main/USA/bulletins/Yale%20VMOC%20Special%20Report%20-%20Measles%20Outbreak/ysphvmocspecialreport-measlesoutbreaksouthwestus5-17-2025-250518160129-e8f3f91a.pdf",2025-05-17,"Alberta",438
"https://github.com/fbranda/measles/blob/main/USA/bulletins/Yale%20VMOC%20Special%20Report%20-%20Measles%20Outbreak/ysphvmocspecialreport-measlesoutbreaksouthwestus5-17-2025-250518160129-e8f3f91a.pdf",2025-05-17,"Manitoba",44
"https://github.com/fbranda/measles/blob/main/USA/bulletins/Yale%20VMOC%20Special%20Report%20-%20Measles%20Outbreak/ysphvmocspecialreport-measlesoutbreaksouthwestus5-17-2025-250518160129-e8f3f91a.pdf",2025-05-17,"British Columbia",8
"https://github.com/fbranda/measles/blob/main/USA/bulletins/Yale%20VMOC%20Special%20Report%20-%20Measles%20Outbreak/ysphvmocspecialreport-measlesoutbreaksouthwestus5-17-2025-250518160129-e8f3f91a.pdf",2025-05-17,"Saskatchewan",37
"https://github.com/fbranda/measles/blob/main/USA/bulletins/Yale%20VMOC%20Special%20Report%20-%20Measles%20Outbreak/ysphvmocspecialreport-measlesoutbreaksouthwestus5-17-2025-250518160129-e8f3f91a.pdf",2025-05-17,"Quebec",40
"https://github.com/fbranda/measles/blob/main/USA/bulletins/Yale%20VMOC%20Special%20Report%20-%20Measles%20Outbreak/ysphvmocspecialreport-measlesoutbreaksouthwestus5-17-2025-250518160129-e8f3f91a.pdf",2025-05-17,"Prince Prince Edward Island",2
"https://github.com/fbranda/measles/blob/main/USA/bulletins/Yale%20VMOC%20Special%20Report%20-%20Measles%20Outbreak/ysphvmocspecialreport-measlesoutbreaksouthwestus5-21-2025-250522042840-bdd9bb39.pdf",2025-05-21,"Ontario",1622
"https://github.com/fbranda/measles/blob/main/USA/bulletins/Yale%20VMOC%20Special%20Report%20-%20Measles%20Outbreak/ysphvmocspecialreport-measlesoutbreaksouthwestus5-21-2025-250522042840-bdd9bb39.pdf",2025-05-21,"Alberta",505
"https://github.com/fbranda/measles/blob/main/USA/bulletins/Yale%20VMOC%20Special%20Report%20-%20Measles%20Outbreak/ysphvmocspecialreport-measlesoutbreaksouthwestus5-21-2025-250522042840-bdd9bb39.pdf",2025-05-21,"Manitoba",64
"https://github.com/fbranda/measles/blob/main/USA/bulletins/Yale%20VMOC%20Special%20Report%20-%20Measles%20Outbreak/ysphvmocspecialreport-measlesoutbreaksouthwestus5-21-2025-250522042840-bdd9bb39.pdf",2025-05-21,"British Columbia",9
"https://github.com/fbranda/measles/blob/main/USA/bulletins/Yale%20VMOC%20Special%20Report%20-%20Measles%20Outbreak/ysphvmocspecialreport-measlesoutbreaksouthwestus5-21-2025-250522042840-bdd9bb39.pdf",2025-05-21,"Saskatchewan",37
"https://github.com/fbranda/measles/blob/main/USA/bulletins/Yale%20VMOC%20Special%20Report%20-%20Measles%20Outbreak/ysphvmocspecialreport-measlesoutbreaksouthwestus5-21-2025-250522042840-bdd9bb39.pdf",2025-05-21,"Quebec",40
"https://github.com/fbranda/measles/blob/main/USA/bulletins/Yale%20VMOC%20Special%20Report%20-%20Measles%20Outbreak/ysphvmocspecialreport-measlesoutbreaksouthwestus5-21-2025-250522042840-bdd9bb39.pdf",2025-05-21,"Prince Prince Edward Island",2
"https://github.com/fbranda/measles/blob/main/USA/bulletins/Yale%20VMOC%20Special%20Report%20-%20Measles%20Outbreak/ysphvmocspecialreport-measlesoutbreaksouthwestus5-25-2025-250526060518-915c3fd6.pdf",2025-05-25,"Ontario",1795
"https://github.com/fbranda/measles/blob/main/USA/bulletins/Yale%20VMOC%20Special%20Report%20-%20Measles%20Outbreak/ysphvmocspecialreport-measlesoutbreaksouthwestus5-25-2025-250526060518-915c3fd6.pdf",2025-05-25,"Alberta",560
"https://github.com/fbranda/measles/blob/main/USA/bulletins/Yale%20VMOC%20Special%20Report%20-%20Measles%20Outbreak/ysphvmocspecialreport-measlesoutbreaksouthwestus5-25-2025-250526060518-915c3fd6.pdf",2025-05-25,"Manitoba",64
"https://github.com/fbranda/measles/blob/main/USA/bulletins/Yale%20VMOC%20Special%20Report%20-%20Measles%20Outbreak/ysphvmocspecialreport-measlesoutbreaksouthwestus5-25-2025-250526060518-915c3fd6.pdf",2025-05-25,"British Columbia",10
"https://github.com/fbranda/measles/blob/main/USA/bulletins/Yale%20VMOC%20Special%20Report%20-%20Measles%20Outbreak/ysphvmocspecialreport-measlesoutbreaksouthwestus5-25-2025-250526060518-915c3fd6.pdf",2025-05-25,"Saskatchewan",45
"https://github.com/fbranda/measles/blob/main/USA/bulletins/Yale%20VMOC%20Special%20Report%20-%20Measles%20Outbreak/ysphvmocspecialreport-measlesoutbreaksouthwestus5-25-2025-250526060518-915c3fd6.pdf",2025-05-25,"Quebec",40
"https://github.com/fbranda/measles/blob/main/USA/bulletins/Yale%20VMOC%20Special%20Report%20-%20Measles%20Outbreak/ysphvmocspecialreport-measlesoutbreaksouthwestus5-25-2025-250526060518-915c3fd6.pdf",2025-05-25,"Prince Prince Edward Island",2
"https://github.com/fbranda/measles/blob/main/USA/bulletins/Yale%20VMOC%20Special%20Report%20-%20Measles%20Outbreak/ysphvmocspecialreport-measlesoutbreaksouthwestus5-25-2025-250526060518-915c3fd6.pdf",2025-05-25,"Nova Scotia",1
"https://github.com/fbranda/measles/blob/main/USA/bulletins/Yale%20VMOC%20Special%20Report%20-%20Measles%20Outbreak/ysphvmocspecialreport-measlesoutbreaksouthwestus5-25-2025-250526060518-915c3fd6.pdf",2025-05-25,"Northwest territories",1
"https://github.com/fbranda/measles/blob/main/USA/bulletins/Yale%20VMOC%20Special%20Report%20-%20Measles%20Outbreak/ysphvmocspecialreport-measlesoutbreaksouthwestus5-30-2025-250531194434-8fadfb9e.pdf",2025-05-30,"Ontario",1938
"https://github.com/fbranda/measles/blob/main/USA/bulletins/Yale%20VMOC%20Special%20Report%20-%20Measles%20Outbreak/ysphvmocspecialreport-measlesoutbreaksouthwestus5-30-2025-250531194434-8fadfb9e.pdf",2025-05-30,"Alberta",679
"https://github.com/fbranda/measles/blob/main/USA/bulletins/Yale%20VMOC%20Special%20Report%20-%20Measles%20Outbreak/ysphvmocspecialreport-measlesoutbreaksouthwestus5-30-2025-250531194434-8fadfb9e.pdf",2025-05-30,"Manitoba",72
"https://github.com/fbranda/measles/blob/main/USA/bulletins/Yale%20VMOC%20Special%20Report%20-%20Measles%20Outbreak/ysphvmocspecialreport-measlesoutbreaksouthwestus5-30-2025-250531194434-8fadfb9e.pdf",2025-05-30,"British Columbia",12
"https://github.com/fbranda/measles/blob/main/USA/bulletins/Yale%20VMOC%20Special%20Report%20-%20Measles%20Outbreak/ysphvmocspecialreport-measlesoutbreaksouthwestus5-30-2025-250531194434-8fadfb9e.pdf",2025-05-30,"Saskatchewan",46
"https://github.com/fbranda/measles/blob/main/USA/bulletins/Yale%20VMOC%20Special%20Report%20-%20Measles%20Outbreak/ysphvmocspecialreport-measlesoutbreaksouthwestus5-30-2025-250531194434-8fadfb9e.pdf",2025-05-30,"Quebec",40
"https://github.com/fbranda/measles/blob/main/USA/bulletins/Yale%20VMOC%20Special%20Report%20-%20Measles%20Outbreak/ysphvmocspecialreport-measlesoutbreaksouthwestus5-30-2025-250531194434-8fadfb9e.pdf",2025-05-30,"Prince Prince Edward Island",2
"https://github.com/fbranda/measles/blob/main/USA/bulletins/Yale%20VMOC%20Special%20Report%20-%20Measles%20Outbreak/ysphvmocspecialreport-measlesoutbreaksouthwestus5-30-2025-250531194434-8fadfb9e.pdf",2025-05-30,"Nova Scotia",1
"https://github.com/fbranda/measles/blob/main/USA/bulletins/Yale%20VMOC%20Special%20Report%20-%20Measles%20Outbreak/ysphvmocspecialreport-measlesoutbreaksouthwestus5-30-2025-250531194434-8fadfb9e.pdf",2025-05-30,"Northwest territories",1
"https://github.com/fbranda/measles/blob/main/USA/bulletins/Yale%20VMOC%20Special%20Report%20-%20Measles%20Outbreak/ysphvmocspecialreport-measlesoutbreaksouthwestus6-6-2025-250610012751-91b9080d.pdf",2025-06-06,"Ontario",2047
"https://github.com/fbranda/measles/blob/main/USA/bulletins/Yale%20VMOC%20Special%20Report%20-%20Measles%20Outbreak/ysphvmocspecialreport-measlesoutbreaksouthwestus6-6-2025-250610012751-91b9080d.pdf",2025-06-06,"Alberta",761
"https://github.com/fbranda/measles/blob/main/USA/bulletins/Yale%20VMOC%20Special%20Report%20-%20Measles%20Outbreak/ysphvmocspecialreport-measlesoutbreaksouthwestus6-6-2025-250610012751-91b9080d.pdf",2025-06-06,"Manitoba",94
"https://github.com/fbranda/measles/blob/main/USA/bulletins/Yale%20VMOC%20Special%20Report%20-%20Measles%20Outbreak/ysphvmocspecialreport-measlesoutbreaksouthwestus6-6-2025-250610012751-91b9080d.pdf",2025-06-06,"British Columbia",12
"https://github.com/fbranda/measles/blob/main/USA/bulletins/Yale%20VMOC%20Special%20Report%20-%20Measles%20Outbreak/ysphvmocspecialreport-measlesoutbreaksouthwestus6-6-2025-250610012751-91b9080d.pdf",2025-06-06,"Saskatchewan",47
"https://github.com/fbranda/measles/blob/main/USA/bulletins/Yale%20VMOC%20Special%20Report%20-%20Measles%20Outbreak/ysphvmocspecialreport-measlesoutbreaksouthwestus6-6-2025-250610012751-91b9080d.pdf",2025-06-06,"Quebec",40
"https://github.com/fbranda/measles/blob/main/USA/bulletins/Yale%20VMOC%20Special%20Report%20-%20Measles%20Outbreak/ysphvmocspecialreport-measlesoutbreaksouthwestus6-6-2025-250610012751-91b9080d.pdf",2025-06-06,"Prince Prince Edward Island",2
"https://github.com/fbranda/measles/blob/main/USA/bulletins/Yale%20VMOC%20Special%20Report%20-%20Measles%20Outbreak/ysphvmocspecialreport-measlesoutbreaksouthwestus6-6-2025-250610012751-91b9080d.pdf",2025-06-06,"Nova Scotia",1
"https://github.com/fbranda/measles/blob/main/USA/bulletins/Yale%20VMOC%20Special%20Report%20-%20Measles%20Outbreak/ysphvmocspecialreport-measlesoutbreaksouthwestus6-6-2025-250610012751-91b9080d.pdf",2025-06-06,"Northwest territories",1
"https://github.com/fbranda/measles/blob/main/USA/bulletins/Yale%20VMOC%20Special%20Report%20-%20Measles%20Outbreak/ysphvmocspecialreport-measlesoutbreaksouthwestus6-14-2025-250616042928-b7a70c56.pdf",2025-06-14,"Ontario",2115
"https://github.com/fbranda/measles/blob/main/USA/bulletins/Yale%20VMOC%20Special%20Report%20-%20Measles%20Outbreak/ysphvmocspecialreport-measlesoutbreaksouthwestus6-14-2025-250616042928-b7a70c56.pdf",2025-06-14,"Alberta",879
"https://github.com/fbranda/measles/blob/main/USA/bulletins/Yale%20VMOC%20Special%20Report%20-%20Measles%20Outbreak/ysphvmocspecialreport-measlesoutbreaksouthwestus6-14-2025-250616042928-b7a70c56.pdf",2025-06-14,"Manitoba",106
"https://github.com/fbranda/measles/blob/main/USA/bulletins/Yale%20VMOC%20Special%20Report%20-%20Measles%20Outbreak/ysphvmocspecialreport-measlesoutbreaksouthwestus6-14-2025-250616042928-b7a70c56.pdf",2025-06-14,"British Columbia",12
"https://github.com/fbranda/measles/blob/main/USA/bulletins/Yale%20VMOC%20Special%20Report%20-%20Measles%20Outbreak/ysphvmocspecialreport-measlesoutbreaksouthwestus6-14-2025-250616042928-b7a70c56.pdf",2025-06-14,"Saskatchewan",51
"https://github.com/fbranda/measles/blob/main/USA/bulletins/Yale%20VMOC%20Special%20Report%20-%20Measles%20Outbreak/ysphvmocspecialreport-measlesoutbreaksouthwestus6-14-2025-250616042928-b7a70c56.pdf",2025-06-14,"Quebec",40
"https://github.com/fbranda/measles/blob/main/USA/bulletins/Yale%20VMOC%20Special%20Report%20-%20Measles%20Outbreak/ysphvmocspecialreport-measlesoutbreaksouthwestus6-14-2025-250616042928-b7a70c56.pdf",2025-06-14,"Prince Prince Edward Island",2
"https://github.com/fbranda/measles/blob/main/USA/bulletins/Yale%20VMOC%20Special%20Report%20-%20Measles%20Outbreak/ysphvmocspecialreport-measlesoutbreaksouthwestus6-14-2025-250616042928-b7a70c56.pdf",2025-06-14,"Nova Scotia",1
"https://github.com/fbranda/measles/blob/main/USA/bulletins/Yale%20VMOC%20Special%20Report%20-%20Measles%20Outbreak/ysphvmocspecialreport-measlesoutbreaksouthwestus6-14-2025-250616042928-b7a70c56.pdf",2025-06-14,"Northwest territories",1
"https://github.com/fbranda/measles/blob/main/USA/bulletins/Yale%20VMOC%20Special%20Report%20-%20Measles%20Outbreak/YSPH%20VMOC%20Special%20Report%20-%20Measles%20Outbreak%20%20Southwest%20US%206-30-2025.pdf",2025-06-30,"Ontario",2222
"https://github.com/fbranda/measles/blob/main/USA/bulletins/Yale%20VMOC%20Special%20Report%20-%20Measles%20Outbreak/YSPH%20VMOC%20Special%20Report%20-%20Measles%20Outbreak%20%20Southwest%20US%206-30-2025.pdf",2025-06-30,"Alberta",1122
"https://github.com/fbranda/measles/blob/main/USA/bulletins/Yale%20VMOC%20Special%20Report%20-%20Measles%20Outbreak/YSPH%20VMOC%20Special%20Report%20-%20Measles%20Outbreak%20%20Southwest%20US%206-30-2025.pdf",2025-06-30,"Manitoba",116
"https://github.com/fbranda/measles/blob/main/USA/bulletins/Yale%20VMOC%20Special%20Report%20-%20Measles%20Outbreak/YSPH%20VMOC%20Special%20Report%20-%20Measles%20Outbreak%20%20Southwest%20US%206-30-2025.pdf",2025-06-30,"British Columbia",63
"https://github.com/fbranda/measles/blob/main/USA/bulletins/Yale%20VMOC%20Special%20Report%20-%20Measles%20Outbreak/YSPH%20VMOC%20Special%20Report%20-%20Measles%20Outbreak%20%20Southwest%20US%206-30-2025.pdf",2025-06-30,"Saskatchewan",60
"https://github.com/fbranda/measles/blob/main/USA/bulletins/Yale%20VMOC%20Special%20Report%20-%20Measles%20Outbreak/YSPH%20VMOC%20Special%20Report%20-%20Measles%20Outbreak%20%20Southwest%20US%206-30-2025.pdf",2025-06-30,"Quebec",36
"https://github.com/fbranda/measles/blob/main/USA/bulletins/Yale%20VMOC%20Special%20Report%20-%20Measles%20Outbreak/YSPH%20VMOC%20Special%20Report%20-%20Measles%20Outbreak%20%20Southwest%20US%206-30-2025.pdf",2025-06-30,"Prince Prince Edward Island",2
"https://github.com/fbranda/measles/blob/main/USA/bulletins/Yale%20VMOC%20Special%20Report%20-%20Measles%20Outbreak/YSPH%20VMOC%20Special%20Report%20-%20Measles%20Outbreak%20%20Southwest%20US%206-30-2025.pdf",2025-06-30,"Nova Scotia",1
"https://github.com/fbranda/measles/blob/main/USA/bulletins/Yale%20VMOC%20Special%20Report%20-%20Measles%20Outbreak/YSPH%20VMOC%20Special%20Report%20-%20Measles%20Outbreak%20%20Southwest%20US%206-30-2025.pdf",2025-06-30,"Northwest territories",1
"https://github.com/fbranda/measles/blob/main/USA/bulletins/Yale%20VMOC%20Special%20Report%20-%20Measles%20Outbreak/ysphvmocspecialreport-measlesoutbreaksouthwestus7-6-2025-250710022903-8e926c3d.pdf",2025-07-06,"Ontario",2230
"https://github.com/fbranda/measles/blob/main/USA/bulletins/Yale%20VMOC%20Special%20Report%20-%20Measles%20Outbreak/ysphvmocspecialreport-measlesoutbreaksouthwestus7-6-2025-250710022903-8e926c3d.pdf",2025-07-06,"Alberta",1190
"https://github.com/fbranda/measles/blob/main/USA/bulletins/Yale%20VMOC%20Special%20Report%20-%20Measles%20Outbreak/ysphvmocspecialreport-measlesoutbreaksouthwestus7-6-2025-250710022903-8e926c3d.pdf",2025-07-06,"Manitoba",116
"https://github.com/fbranda/measles/blob/main/USA/bulletins/Yale%20VMOC%20Special%20Report%20-%20Measles%20Outbreak/ysphvmocspecialreport-measlesoutbreaksouthwestus7-6-2025-250710022903-8e926c3d.pdf",2025-07-06,"British Columbia",87
"https://github.com/fbranda/measles/blob/main/USA/bulletins/Yale%20VMOC%20Special%20Report%20-%20Measles%20Outbreak/ysphvmocspecialreport-measlesoutbreaksouthwestus7-6-2025-250710022903-8e926c3d.pdf",2025-07-06,"Saskatchewan",60
"https://github.com/fbranda/measles/blob/main/USA/bulletins/Yale%20VMOC%20Special%20Report%20-%20Measles%20Outbreak/ysphvmocspecialreport-measlesoutbreaksouthwestus7-6-2025-250710022903-8e926c3d.pdf",2025-07-06,"Quebec",36
"https://github.com/fbranda/measles/blob/main/USA/bulletins/Yale%20VMOC%20Special%20Report%20-%20Measles%20Outbreak/ysphvmocspecialreport-measlesoutbreaksouthwestus7-6-2025-250710022903-8e926c3d.pdf",2025-07-06,"Prince Prince Edward Island",2
"https://github.com/fbranda/measles/blob/main/USA/bulletins/Yale%20VMOC%20Special%20Report%20-%20Measles%20Outbreak/ysphvmocspecialreport-measlesoutbreaksouthwestus7-6-2025-250710022903-8e926c3d.pdf",2025-07-06,"Nova Scotia",1
"https://github.com/fbranda/measles/blob/main/USA/bulletins/Yale%20VMOC%20Special%20Report%20-%20Measles%20Outbreak/ysphvmocspecialreport-measlesoutbreaksouthwestus7-6-2025-250710022903-8e926c3d.pdf",2025-07-06,"Northwest territories",1
"https://github.com/fbranda/measles/blob/main/USA/bulletins/Yale%20VMOC%20Special%20Report%20-%20Measles%20Outbreak/YSPH%20VMOC%20Special%20Report%20-%20Measles%20Outbreak%20%20Southwest%20US%207-13-2025.pdf",2025-07-13,"Ontario",2244
"https://github.com/fbranda/measles/blob/main/USA/bulletins/Yale%20VMOC%20Special%20Report%20-%20Measles%20Outbreak/YSPH%20VMOC%20Special%20Report%20-%20Measles%20Outbreak%20%20Southwest%20US%207-13-2025.pdf",2025-07-13,"Alberta",1284
"https://github.com/fbranda/measles/blob/main/USA/bulletins/Yale%20VMOC%20Special%20Report%20-%20Measles%20Outbreak/YSPH%20VMOC%20Special%20Report%20-%20Measles%20Outbreak%20%20Southwest%20US%207-13-2025.pdf",2025-07-13,"Manitoba",138
"https://github.com/fbranda/measles/blob/main/USA/bulletins/Yale%20VMOC%20Special%20Report%20-%20Measles%20Outbreak/YSPH%20VMOC%20Special%20Report%20-%20Measles%20Outbreak%20%20Southwest%20US%207-13-2025.pdf",2025-07-13,"British Columbia",104
"https://github.com/fbranda/measles/blob/main/USA/bulletins/Yale%20VMOC%20Special%20Report%20-%20Measles%20Outbreak/YSPH%20VMOC%20Special%20Report%20-%20Measles%20Outbreak%20%20Southwest%20US%207-13-2025.pdf",2025-07-13,"Saskatchewan",60
"https://github.com/fbranda/measles/blob/main/USA/bulletins/Yale%20VMOC%20Special%20Report%20-%20Measles%20Outbreak/YSPH%20VMOC%20Special%20Report%20-%20Measles%20Outbreak%20%20Southwest%20US%207-13-2025.pdf",2025-07-13,"Quebec",36
"https://github.com/fbranda/measles/blob/main/USA/bulletins/Yale%20VMOC%20Special%20Report%20-%20Measles%20Outbreak/YSPH%20VMOC%20Special%20Report%20-%20Measles%20Outbreak%20%20Southwest%20US%207-13-2025.pdf",2025-07-13,"Prince Prince Edward Island",4
"https://github.com/fbranda/measles/blob/main/USA/bulletins/Yale%20VMOC%20Special%20Report%20-%20Measles%20Outbreak/YSPH%20VMOC%20Special%20Report%20-%20Measles%20Outbreak%20%20Southwest%20US%207-13-2025.pdf",2025-07-13,"Nova Scotia",1
"https://github.com/fbranda/measles/blob/main/USA/bulletins/Yale%20VMOC%20Special%20Report%20-%20Measles%20Outbreak/YSPH%20VMOC%20Special%20Report%20-%20Measles%20Outbreak%20%20Southwest%20US%207-13-2025.pdf",2025-07-13,"Northwest territories",1
